DATE,TITLE,ARTIST,NUMBER OF WEEKS,TITLE LENGTH,SONG LENGTH
14/11/1952,HERE IN MY HEART,AL MARTINO,9,16,3.13
16/01/1953,YOU BELONG TO ME,JO STAFFORD,1,16,3.12
23/01/1953,COMES A-LONG A-LOVE,KAY STARR,1,19,2.13
30/01/1953,OUTSIDE OF HEAVEN,EDDIE FISHER,1,17,2.37
06/02/1953,DON'T LET THE STARS GET IN YOUR EYES,PERRY COMO WITH THE RAMBLERS,5,36,2.40
13/03/1953,SHE WEARS RED FEATHERS,GUY MITCHELL,4,22,3.06
10/04/1953,BROKEN WINGS,STARGAZERS,1,12,2.55
17/04/1953,(HOW MUCH IS) THAT DOGGIE IN THE WINDOW,LITA ROZA,1,39,2.15
24/04/1953,I BELIEVE,FRANKIE LAINE,9,9,2.07
26/06/1953,I'M WALKING BEHIND YOU,EDDIE FISHER WITH SALLY SWEETLAND,1,22,3.05
03/07/1953,I BELIEVE,FRANKIE LAINE,6,9,2.07
14/08/1953,THE SONG FROM MOULIN ROUGE,MANTOVANI,1,26,2.51
21/08/1953,I BELIEVE,FRANKIE LAINE,3,9,2.07
11/09/1953,LOOK AT THAT GIRL,GUY MITCHELL,6,17,2.49
23/10/1953,HEY JOE,FRANKIE LAINE,2,7,2.19
06/11/1953,ANSWER ME,DAVID WHITFIELD,1,9,2.29
13/11/1953,ANSWER ME,FRANKIE LAINE,8,9,2.37
11/12/1953,ANSWER ME,DAVID WHITFIELD,1,9,2.29
08/01/1954,OH MEIN PAPA,EDDIE CALVERT,9,12,2.48
12/03/1954,I SEE THE MOON,STARGAZERS,5,14,2.31
16/04/1954,SECRET LOVE,DORIS DAY,1,11,3.38
23/04/1954,I SEE THE MOON,STARGAZERS,1,14,2.31
30/04/1954,SUCH A NIGHT,JOHNNIE RAY,1,12,2.13
08/05/1954,SECRET LOVE,DORIS DAY,8,11,3.38
02/07/1954,CARA MIA,"DAVID WHITFIELD, WITH CHORUS AND MANTOVANI AND HIS ORCHESTRA",10,8,3.12
10/09/1954,LITTLE THINGS MEAN A LOT,KITTY KALLEN,1,24,2.59
17/09/1954,THREE COINS IN THE FOUNTAIN,FRANK SINATRA,3,27,3.45
08/10/1954,HOLD MY HAND,DON CORNELL,4,12,2.49
05/11/1954,MY SON MY SON,VERA LYNN,2,13,2.40
19/11/1954,HOLD MY HAND,DON CORNELL,1,12,2.49
26/11/1954,THIS OLE HOUSE,ROSEMARY CLOONEY,1,14,2.22
03/12/1954,LET'S HAVE ANOTHER PARTY,WINIFRED ATWELL,5,24,5.24
07/01/1955,FINGER OF SUSPICION,DICKIE VALENTINE WITH THE STARGAZERS,1,19,2.49
14/01/1955,MAMBO ITALIANO,ROSEMARY CLOONEY WITH THE MELLOMEN,1,14,2.29
21/01/1955,FINGER OF SUSPICION,DICKIE VALENTINE WITH THE STARGAZERS,2,19,2.49
04/02/1955,MAMBO ITALIANO,ROSEMARY CLOONEY WITH THE MELLOMEN,2,14,2.29
18/02/1955,"SOFTLY, SOFTLY",RUBY MURRAY,3,14,2.29
11/03/1955,GIVE ME YOUR WORD,TENNESSEE ERNIE FORD,7,17,3.10
29/04/1955,CHERRY PINK AND APPLE BLOSSOM WHITE,"PEREZ 'PREZ' PRADO & HIS ORCHESTRA, THE KING OF THE MAMBO",2,35,3.09
13/05/1955,STRANGER IN PARADISE,TONY BENNETT,2,20,5.00
27/05/1955,CHERRY PINK AND APPLE BLOSSOM WHITE,EDDIE CALVERT,4,35,3.09
24/06/1955,UNCHAINED MELODY,JIMMY YOUNG,3,16,2.32
15/07/1955,DREAMBOAT,ALMA COGAN,2,9,1.47
29/07/1955,ROSE MARIE,SLIM WHITMAN,11,10,2.22
14/10/1955,THE MAN FROM LARAMIE,JIMMY YOUNG,4,20,2.23
11/11/1955,HERNANDO'S HIDEAWAY,JOHNSTON BROTHERS,2,19,2.33
25/11/1955,ROCK AROUND THE CLOCK,BILL HALEY & HIS COMETS,3,21,2.14
16/12/1955,CHRISTMAS ALPHABET,DICKIE VALENTINE,3,18,2.04
06/01/1956,ROCK AROUND THE CLOCK,BILL HALEY & HIS COMETS,3,21,2.14
20/01/1956,SIXTEEN TONS,TENNESSEE ERNIE FORD,2,12,2.38
17/02/1956,MEMORIES ARE MADE OF THIS,DEAN MARTIN,4,25,2.18
16/03/1956,IT'S ALMOST TOMORROW,DREAM WEAVERS,2,20,2.48
30/03/1956,ROCK AND ROLL WALTZ,KAY STARR,2,19,2.58
06/04/1956,IT'S ALMOST TOMORROW,DREAM WEAVERS,1,20,2.48
13/04/1956,POOR PEOPLE OF PARIS,WINIFRED ATWELL,3,20,1.58
04/05/1956,NO OTHER LOVE,RONNIE HILTON,6,13,3.07
15/06/1956,I'LL BE HOME,PAT BOONE,5,12,3.00
20/07/1956,WHY DO FOOLS FALL IN LOVE,TEENAGERS FEATURING FRANKIE LYMON,3,25,2.18
10/08/1956,WHATEVER WILL BE WILL BE,DORIS DAY,6,24,2.03
21/09/1956,LAY DOWN YOUR ARMS,ANNE SHELTON,4,18,2.57
19/10/1956,A WOMAN IN LOVE,FRANKIE LAINE,4,15,2.20
16/11/1956,JUST WALKIN' IN THE RAIN,JOHNNIE RAY,7,24,2.37
04/01/1957,SINGING THE BLUES,GUY MITCHELL,1,17,2.27
11/01/1957,SINGING THE BLUES,TOMMY STEELE & THE STEELMEN,1,17,2.25
18/01/1957,SINGING THE BLUES,GUY MITCHELL,1,17,2.27
25/01/1957,THE GARDEN OF EDEN,FRANKIE VAUGHAN,4,18,2.33
01/02/1957,SINGING THE BLUES,GUY MITCHELL,1,17,2.27
22/02/1957,YOUNG LOVE,TAB HUNTER,7,10,2.18
12/04/1957,CUMBERLAND GAP,LONNIE DONEGAN,5,14,2.00
17/05/1957,ROCK-A-BILLY,GUY MITCHELL,1,12,2.15
24/05/1957,BUTTERFLY,ANDY WILLIAMS,2,9,2.19
07/06/1957,YES TONIGHT JOSEPHINE,JOHNNIE RAY,3,21,2.31
28/06/1957,GAMBLIN' MAN/PUTTING ON THE STYLE,LONNIE DONEGAN,2,33,3.19
12/07/1957,ALL SHOOK UP,ELVIS PRESLEY WITH THE JORDANAIRES,7,12,1.57
30/08/1957,DIANA,PAUL ANKA,9,5,2.18
01/11/1957,THAT'LL BE THE DAY,CRICKETS,3,18,2.30
22/11/1957,MARY'S BOY CHILD,HARRY BELAFONTE,7,16,3.01
10/01/1958,GREAT BALLS OF FIRE,JERRY LEE LEWIS,2,19,1.50
24/01/1958,JAILHOUSE ROCK,ELVIS PRESLEY,3,14,2.26
14/02/1958,THE STORY OF MY LIFE,MICHAEL HOLLIDAY,2,20,2.15
28/02/1958,MAGIC MOMENTS,PERRY COMO,8,13,2.40
25/04/1958,WHOLE LOTTA WOMAN,MARVIN RAINWATER,3,17,2.38
16/05/1958,WHO'S SORRY NOW,CONNIE FRANCIS,6,15,2.16
27/06/1958,ON THE STREET WHERE YOU LIVE,VIC DAMONE,2,28,2.43
04/07/1958,ALL I HAVE TO DO IS DREAM/CLAUDETTE,EVERLY BROTHERS,7,35,2.20
22/08/1958,WHEN,KALIN TWINS,5,4,2.26
26/09/1958,CAROLINA MOON/STUPID CUPID,CONNIE FRANCIS,6,26,2.33
07/11/1958,IT'S ALL IN THE GAME,TOMMY EDWARDS,3,20,2.38
28/11/1958,HOOTS MON,LORD ROCKINGHAM'S XI,3,9,2.14
19/12/1958,IT'S ONLY MAKE BELIEVE,CONWAY TWITTY,5,22,2.30
23/01/1959,THE DAYS THE RAINS CAME,JANE MORGAN,1,23,2.57
30/01/1959,ONE NIGHT/I GOT STUNG,ELVIS PRESLEY,3,21,1.49
20/02/1959,AS I LOVE YOU,SHIRLEY BASSEY,4,13,2.18
20/03/1959,SMOKE GETS IN YOUR EYES,PLATTERS,1,23,2.40
27/03/1959,SIDE SADDLE,RUSS CONWAY,4,11,1.54
24/04/1959,IT DOESN'T MATTER ANYMORE,BUDDY HOLLY,3,25,2.03
15/05/1959,A FOOL SUCH AS I/I NEED YOUR LOVE TONIGHT,ELVIS PRESLEY,5,41,2.39
19/06/1959,ROULETTE,RUSS CONWAY,2,8,1.54
03/07/1959,DREAM LOVER,BOBBY DARIN,4,11,2.30
31/07/1959,LIVING DOLL,CLIFF RICHARD & THE SHADOWS,6,11,4.17
11/09/1959,ONLY SIXTEEN,CRAIG DOUGLAS,4,12,2.15
09/10/1959,HERE COMES SUMMER,JERRY KELLER,1,17,2.07
16/10/1959,MACK THE KNIFE,BOBBY DARIN,2,14,3.04
30/10/1959,TRAVELLIN' LIGHT,CLIFF RICHARD & THE SHADOWS,5,16,2.39
04/12/1959,WHAT DO YOU WANT,ADAM FAITH,3,16,1.38
18/12/1959,WHAT DO YOU WANT TO MAKE THOSE EYES AT ME FOR,EMILE FORD & THE CHECKMATES,6,45,2.08
29/01/1960,STARRY EYED,MICHAEL HOLLIDAY WITH THE MICHAEL SAMMES SINGERS,1,11,2.23
05/02/1960,WHY,ANTHONY NEWLEY,4,3,2.26
10/03/1960,POOR ME,ADAM FAITH,1,7,1.46
17/03/1960,RUNNING BEAR,JOHNNY PRESTON,2,12,2.38
31/03/1960,MY OLD MAN'S A DUSTMAN,LONNIE DONEGAN,4,22,3.23
28/04/1960,DO YOU MIND,ANTHONY NEWLEY,1,11,2.19
05/05/1960,CATHY'S CLOWN,EVERLY BROTHERS,7,13,2.24
23/06/1960,THREE STEPS TO HEAVEN,EDDIE COCHRAN,2,21,2.24
07/07/1960,GOOD TIMIN',JIMMY JONES,3,11,2.04
28/07/1960,PLEASE DON'T TEASE,CLIFF RICHARD & THE SHADOWS,1,18,2.59
04/08/1960,SHAKIN' ALL OVER,JOHNNY KIDD & THE PIRATES,1,16,2.21
11/08/1960,PLEASE DON'T TEASE,CLIFF RICHARD & THE SHADOWS,2,18,2.59
25/08/1960,APACHE,SHADOWS,5,6,2.54
29/09/1960,TELL LAURA I LOVE HER,RICKY VALANCE,3,21,2.40
20/10/1960,ONLY THE LONELY,ROY ORBISON,2,15,2.25
03/11/1960,IT'S NOW OR NEVER,ELVIS PRESLEY WITH THE JORDANAIRES,8,17,3.16
29/12/1960,I LOVE YOU,CLIFF RICHARD & THE SHADOWS,2,10,2.01
12/01/1961,POETRY IN MOTION,JOHNNY TILLOTSON,2,16,2.30
26/01/1961,ARE YOU LONESOME TONIGHT,ELVIS PRESLEY WITH THE JORDANAIRES,4,24,3.07
23/02/1961,SAILOR,PETULA CLARK,1,6,2.55
02/03/1961,WALK RIGHT BACK/EBONY EYES,EVERLY BROTHERS,3,26,2.19
23/03/1961,WOODEN HEART,ELVIS PRESLEY,6,12,2.01
04/05/1961,BLUE MOON,MARCELS,2,9,2.16
18/05/1961,ON THE REBOUND,FLOYD CRAMER,1,14,2.07
25/05/1961,YOU'RE DRIVING ME CRAZY,TEMPERANCE SEVEN,1,23,3.56
01/06/1961,SURRENDER,ELVIS PRESLEY WITH THE JORDANAIRES,4,9,1.52
29/06/1961,RUNAWAY,DEL SHANNON,3,7,2.18
20/07/1961,TEMPTATION,EVERLY BROTHERS,2,10,2.11
03/08/1961,WELL I ASK YOU,EDEN KANE,1,14,2.13
10/08/1961,YOU DON'T KNOW,HELEN SHAPIRO,3,14,2.40
31/08/1961,JOHNNY REMEMBER ME,JOHN LEYTON,3,18,2.40
21/09/1961,REACH FOR THE STARS/CLIMB EV'RY MOUNTAIN,SHIRLEY BASSEY,1,40,2.56
28/09/1961,JOHNNY REMEMBER ME,JOHN LEYTON,1,18,2.40
05/10/1961,KON-TIKI,SHADOWS,1,8,2.48
12/10/1961,MICHAEL,HIGHWAYMEN,1,7,2.44
19/10/1961,WALKIN' BACK TO HAPPINESS,HELEN SHAPIRO,3,25,2.31
09/11/1961,(MARIE'S THE NAME) HIS LATEST FLAME/LITTLE SISTER,ELVIS PRESLEY,4,49,2.07
07/12/1961,TOWER OF STRENGTH,FRANKIE VAUGHAN,3,17,2.06
28/12/1961,MOON RIVER,DANNY WILLIAMS,2,10,2.37
11/01/1962,THE YOUNG ONES,CLIFF RICHARD & THE SHADOWS,6,14,3.11
22/02/1962,ROCK A HULA BABY/CAN'T HELP FALLING IN LOVE,ELVIS PRESLEY,4,43,1.59
22/03/1962,WONDERFUL LAND,SHADOWS,8,14,2.06
17/05/1962,NUT ROCKER,B.BUMBLE & THE STINGERS,1,10,1.59
24/05/1962,GOOD LUCK CHARM,ELVIS PRESLEY,5,15,2.25
28/06/1962,COME OUTSIDE,MIKE SARNE WITH WENDY RICHARD,2,12,2.52
12/07/1962,I CAN'T STOP LOVING YOU,RAY CHARLES,2,23,4.16
26/07/1962,I REMEMBER YOU,FRANK IFIELD,7,14,2.04
13/09/1962,SHE'S NOT YOU,ELVIS PRESLEY,3,13,2.08
04/10/1962,TELSTAR,TORNADOS,5,7,3.15
08/11/1962,LOVESICK BLUES,FRANK IFIELD,5,14,2.17
13/12/1962,RETURN TO SENDER,ELVIS PRESLEY WITH THE JORDANAIRES,3,16,2.08
03/01/1963,THE NEXT TIME/BACHELOR BOY,CLIFF RICHARD & THE SHADOWS,3,26,2.54
24/01/1963,DANCE ON!,SHADOWS,1,9,2.23
31/01/1963,DIAMONDS,JET HARRIS & TONY MEEHAN,3,8,2.28
21/02/1963,THE WAYWARD WIND,FRANK IFIELD,3,16,2.43
14/03/1963,SUMMER HOLIDAY,CLIFF RICHARD & THE SHADOWS,2,14,2.07
29/03/1963,FOOT TAPPER,SHADOWS,1,11,2.26
04/04/1963,SUMMER HOLIDAY,CLIFF RICHARD & THE SHADOWS,1,14,2.07
11/04/1963,HOW DO YOU DO IT?,GERRY & THE PACEMAKERS,3,17,1.54
02/05/1963,FROM ME TO YOU,BEATLES,7,14,1.56
20/06/1963,I LIKE IT,GERRY & THE PACEMAKERS,4,9,2.15
18/07/1963,CONFESSIN' (THAT I LOVE YOU),FRANK IFIELD,2,28,2.03
01/08/1963,(YOU'RE THE) DEVIL IN DISGUISE,ELVIS PRESLEY WITH THE JORDANAIRES,1,30,2.20
08/08/1963,SWEETS FOR MY SWEET,SEARCHERS,2,19,2.29
22/08/1963,BAD TO ME,BILLY J. KRAMER & THE DAKOTAS,3,9,2.21
12/09/1963,SHE LOVES YOU,BEATLES,4,13,2.20
10/10/1963,DO YOU LOVE ME,BRIAN POOLE & THE TREMELOES,3,14,2.22
31/10/1963,YOU'LL NEVER WALK ALONE,GERRY & THE PACEMAKERS,4,23,2.40
28/11/1963,SHE LOVES YOU,BEATLES,2,13,2.20
12/12/1963,I WANT TO HOLD YOUR HAND,BEATLES,5,24,2.25
16/01/1964,GLAD ALL OVER,DAVE CLARK FIVE,2,13,2.43
30/01/1964,NEEDLES AND PINS,SEARCHERS,3,16,2.11
20/02/1964,DIANE,BACHELORS,1,5,2.31
27/02/1964,ANYONE WHO HAD A HEART,CILLA BLACK,3,22,2.51
19/03/1964,LITTLE CHILDREN,BILLY J. KRAMER & THE DAKOTAS,2,15,2.47
02/04/1964,CAN'T BUY ME LOVE,BEATLES,3,17,2.11
23/04/1964,A WORLD WITHOUT LOVE,PETER & GORDON,2,20,2.40
07/05/1964,DON'T THROW YOUR LOVE AWAY,SEARCHERS,2,26,2.16
21/05/1964,JULIET,FOUR PENNIES,1,6,2.21
28/05/1964,YOU'RE MY WORLD,CILLA BLACK,4,15,2.59
25/06/1964,IT'S OVER,ROY ORBISON,2,9,2.47
09/07/1964,THE HOUSE OF THE RISING SUN,ANIMALS,1,27,4.29
16/07/1964,IT'S ALL OVER NOW,ROLLING STONES,1,17,3.26
23/07/1964,A HARD DAY'S NIGHT,BEATLES,3,18,2.34
13/08/1964,DO WAH DIDDY DIDDY,MANFRED MANN,2,18,2.24
27/08/1964,HAVE I THE RIGHT,HONEYCOMBS,2,16,2.58
10/09/1964,YOU REALLY GOT ME,KINKS,2,17,2.14
24/09/1964,I'M INTO SOMETHING GOOD,HERMAN'S HERMITS,2,23,2.33
08/10/1964,OH PRETTY WOMAN,ROY ORBISON,2,15,2.56
22/10/1964,(THERE'S) ALWAYS SOMETHING THERE TO REMIND ME,SANDIE SHAW,3,45,2.45
12/11/1964,OH PRETTY WOMAN,ROY ORBISON,1,15,2.56
19/11/1964,BABY LOVE,SUPREMES,2,9,2.38
03/12/1964,LITTLE RED ROOSTER,ROLLING STONES,1,18,3.05
10/12/1964,I FEEL FINE,BEATLES,5,11,2.19
14/01/1965,YEH YEH,GEORGIE FAME & THE BLUE FLAMES,2,7,2.44
28/01/1965,GO NOW,MOODY BLUES,1,6,3.11
04/02/1965,YOU'VE LOST THAT LOVING FEELIN',RIGHTEOUS BROTHERS,2,31,3.44
18/02/1965,TIRED OF WAITING FOR YOU,KINKS,1,24,2.22
25/02/1965,I'LL NEVER FIND ANOTHER YOU,SEEKERS,2,27,2.42
11/03/1965,IT'S NOT UNUSUAL,TOM JONES,1,16,1.59
18/03/1965,THE LAST TIME,ROLLING STONES,3,13,3.41
08/04/1965,CONCRETE AND CLAY,UNIT FOUR PLUS TWO,1,17,2.17
15/04/1965,THE MINUTE YOU'RE GONE,CLIFF RICHARD,1,22,2.21
22/04/1965,TICKET TO RIDE,BEATLES,3,14,3.09
13/05/1965,KING OF THE ROAD,ROGER MILLER,1,16,2.28
20/05/1965,WHERE ARE YOU NOW (MY LOVE),JACKIE TRENT,1,27,2.46
27/05/1965,LONG LIVE LOVE,SANDIE SHAW,3,14,2.40
17/06/1965,CRYING IN THE CHAPEL,ELVIS PRESLEY,1,20,2.23
24/06/1965,I'M ALIVE,HOLLIES,1,9,2.25
01/07/1965,CRYING IN THE CHAPEL,ELVIS PRESLEY,1,20,2.23
08/07/1965,I'M ALIVE,HOLLIES,2,9,2.25
22/07/1965,MR TAMBOURINE MAN,BYRDS,2,17,2.29
05/08/1965,HELP!,BEATLES,3,5,2.19
26/08/1965,I GOT YOU BABE,SONNY & CHER,2,14,3.13
09/09/1965,(I CAN'T GET NO) SATISFACTION,ROLLING STONES,2,29,3.42
23/09/1965,MAKE IT EASY ON YOURSELF,WALKER BROTHERS,1,24,3.13
30/09/1965,TEARS,KEN DODD,5,5,2.51
04/11/1965,GET OFF OF MY CLOUD,ROLLING STONES,3,19,2.55
25/11/1965,THE CARNIVAL IS OVER,SEEKERS,3,20,3.12
16/12/1965,DAY TRIPPER/WE CAN WORK IT OUT,BEATLES,5,30,2.49
20/01/1966,KEEP ON RUNNING,SPENCER DAVIS GROUP,1,15,2.46
27/01/1966,MICHELLE,OVERLANDERS,3,8,2.21
17/02/1966,THESE BOOTS ARE MADE FOR WALKIN',NANCY SINATRA,4,32,2.46
17/03/1966,THE SUN AIN'T GONNA SHINE ANYMORE,WALKER BROTHERS,4,33,3.00
14/04/1966,SOMEBODY HELP ME,SPENCER DAVIS GROUP,2,16,2.02
28/04/1966,YOU DON'T HAVE TO SAY YOU LOVE ME,DUSTY SPRINGFIELD,1,33,2.48
05/05/1966,PRETTY FLAMINGO,MANFRED MANN,3,15,2.29
26/05/1966,"PAINT IT, BLACK",ROLLING STONES,1,15,3.22
02/06/1966,STRANGERS IN THE NIGHT,FRANK SINATRA,3,22,2.37
23/06/1966,PAPERBACK WRITER,BEATLES,2,16,2.18
07/07/1966,SUNNY AFTERNOON,KINKS,2,15,3.30
21/07/1966,GET AWAY,GEORGIE FAME & THE BLUE FLAMES,1,8,2.31
28/07/1966,OUT OF TIME,CHRIS FARLOWE,1,11,3.12
04/08/1966,WITH A GIRL LIKE YOU,TROGGS,2,20,2.08
18/08/1966,YELLOW SUBMARINE/ELEANOR RIGBY,BEATLES,4,30,2.38
15/09/1966,ALL OR NOTHING,SMALL FACES,1,14,3.03
22/09/1966,DISTANT DRUMS,JIM REEVES,5,13,2.50
27/10/1966,REACH OUT I'LL BE THERE,FOUR TOPS,3,23,2.57
17/11/1966,GOOD VIBRATIONS,BEACH BOYS,2,15,3.39
01/12/1966,GREEN GREEN GRASS OF HOME,TOM JONES,7,25,3.04
19/01/1967,I'M A BELIEVER,MONKEES,4,14,2.45
16/02/1967,THIS IS MY SONG,PETULA CLARK,2,15,3.13
02/03/1967,RELEASE ME,ENGELBERT HUMPERDINCK,6,10,3.18
13/04/1967,SOMETHIN' STUPID,NANCY SINATRA & FRANK SINATRA,2,16,2.42
27/04/1967,PUPPET ON A STRING,SANDIE SHAW,3,18,2.23
18/05/1967,SILENCE IS GOLDEN,TREMELOES,3,17,3.10
08/06/1967,A WHITER SHADE OF PALE,PROCOL HARUM,6,22,4.08
19/07/1967,ALL YOU NEED IS LOVE,BEATLES,3,20,3.50
09/08/1967,SAN FRANCISCO (BE SURE TO WEAR SOME FLOWERS IN YOUR HAIR),SCOTT MCKENZIE,4,57,2.58
06/09/1967,THE LAST WALTZ,ENGELBERT HUMPERDINCK,5,14,2.48
11/10/1967,MASSACHUSETTS,BEE GEES,4,13,2.26
08/11/1967,BABY NOW THAT I'VE FOUND YOU,FOUNDATIONS,2,28,2.32
22/11/1967,LET THE HEARTACHES BEGIN,LONG JOHN BALDRY,2,24,3.12
06/12/1967,HELLO GOODBYE,BEATLES,7,13,3.28
24/01/1968,THE BALLAD OF BONNIE AND CLYDE,GEORGIE FAME,1,30,3.09
31/01/1968,EVERLASTING LOVE,LOVE AFFAIR,2,16,3.02
14/02/1968,MIGHTY QUINN,MANFRED MANN,2,12,6.29
28/02/1968,CINDERELLA ROCKEFELLA,ESTHER & ABI OFARIM,3,21,2.28
20/03/1968,THE LEGEND OF XANADU,"DAVE DEE, DOZY, BEAKY, MICK & TICH",1,20,3.36
27/03/1968,LADY MADONNA,BEATLES,2,12,2.16
10/04/1968,CONGRATULATIONS,CLIFF RICHARD,2,15,2.31
24/04/1968,WHAT A WONDERFUL WORLD/CABARET,LOUIS ARMSTRONG,4,30,2.17
22/05/1968,YOUNG GIRL,UNION GAP FEATURING GARY PUCKETT,4,10,3.14
19/06/1968,JUMPIN' JACK FLASH,ROLLING STONES,2,18,3.39
03/07/1968,BABY COME BACK,EQUALS,3,14,2.32
24/07/1968,I PRETEND,DES O'CONNOR,1,9,2.48
31/07/1968,MONY MONY,TOMMY JAMES & THE SHONDELLS,2,9,2.46
14/08/1968,FIRE,CRAZY WORLD OF ARTHUR BROWN,1,4,2.55
21/08/1968,MONY MONY,TOMMY JAMES & THE SHONDELLS,1,9,2.46
28/08/1968,DO IT AGAIN,BEACH BOYS,1,11,2.26
04/09/1968,I'VE GOTTA GET A MESSAGE TO YOU,BEE GEES,1,31,2.57
11/09/1968,HEY JUDE,BEATLES,2,8,7.05
25/09/1968,THOSE WERE THE DAYS,MARY HOPKIN,6,19,4.01
06/11/1968,WITH A LITTLE HELP FROM MY FRIENDS,JOE COCKER,1,34,5.12
13/11/1968,THE GOOD THE BAD AND THE UGLY,HUGO MONTENEGRO & HIS ORCHESTRA & CHORUS,4,29,2.45
11/12/1968,LILY THE PINK,SCAFFOLD,3,13,4.20
01/01/1969,OB-LA-DI OB-LA-DA,MARMALADE,1,17,3.00
08/01/1969,LILY THE PINK,SCAFFOLD,1,13,4.20
15/01/1969,OB-LA-DI OB-LA-DA,MARMALADE,2,17,3.00
29/01/1969,ALBATROSS,FLEETWOOD MAC,1,9,3.10
05/02/1969,BLACKBERRY WAY,MOVE,1,14,3.49
12/02/1969,(IF PARADISE IS) HALF AS NICE,AMEN CORNER,2,29,2.48
26/02/1969,WHERE DO YOU GO TO MY LOVELY,PETER SARSTEDT,4,28,4.44
26/03/1969,I HEARD IT THROUGH THE GRAPEVINE,MARVIN GAYE,3,32,3.14
16/04/1969,ISRAELITES,DESMOND DEKKER & THE ACES,1,10,2.35
23/04/1969,GET BACK,BEATLES WITH BILLY PRESTON,6,8,3.09
04/06/1969,DIZZY,TOMMY ROE,1,5,2.57
11/06/1969,THE BALLAD OF JOHN AND YOKO,BEATLES,3,27,2.59
02/07/1969,SOMETHING IN THE AIR,THUNDERCLAP NEWMAN,3,20,3.54
23/07/1969,HONKY TONK WOMEN,ROLLING STONES,5,16,3.02
30/08/1969,IN THE YEAR 2525 (EXORIUM AND TERMINUS),ZAGER & EVANS,3,39,3.14
20/09/1969,BAD MOON RISING,CREEDENCE CLEARWATER REVIVAL,3,15,2.21
11/10/1969,JE T'AIME... MOI NON PLUS,JANE BIRKIN & SERGE GAINSBOURG,1,25,4.30
18/10/1969,I'LL NEVER FALL IN LOVE AGAIN,BOBBY GENTRY,1,29,2.56
25/10/1969,SUGAR SUGAR,ARCHIES,8,11,2.27
20/12/1969,TWO LITTLE BOYS,ROLF HARRIS,6,15,3.18
31/01/1970,LOVE GROWS (WHERE MY ROSEMARY GOES),EDISON LIGHTHOUSE,5,35,2.47
07/03/1970,WANDRIN' STAR,LEE MARVIN,3,13,4.28
28/03/1970,BRIDGE OVER TROUBLED WATER,SIMON & GARFUNKEL,3,26,4.53
18/04/1970,ALL KINDS OF EVERYTHING,DANA,2,23,3.01
02/05/1970,SPIRIT IN THE SKY,NORMAN GREENBAUM,2,17,3.59
16/05/1970,BACK HOME,ENGLAND WORLD CUP SQUAD,3,9,2.03
06/06/1970,YELLOW RIVER,CHRISTIE,1,12,2.46
13/06/1970,IN THE SUMMERTIME,MUNGO JERRY,7,17,3.31
01/08/1970,THE WONDER OF YOU,ELVIS PRESLEY,6,17,2.25
12/09/1970,TEARS OF A CLOWN,SMOKEY ROBINSON & THE MIRACLES,1,16,3.01
19/09/1970,BAND OF GOLD,FREDA PAYNE,6,12,2.58
31/10/1970,WOODSTOCK,MATTHEW'S SOUTHERN COMFORT,3,9,4.27
21/11/1970,VOODOO CHILE,JIMI HENDRIX EXPERIENCE,1,12,14.59
28/11/1970,I HEAR YOU KNOCKING,DAVE EDMUNDS,6,19,2.47
09/01/1971,GRANDAD,CLIVE DUNN,3,7,3.24
30/01/1971,MY SWEET LORD,GEORGE HARRISON,5,13,4.41
06/03/1971,BABY JUMP,MUNGO JERRY,2,9,4.10
20/03/1971,HOT LOVE,T REX,6,8,4.55
01/05/1971,DOUBLE BARREL,DAVE & ANSIL COLLINS,2,13,2.45
15/05/1971,KNOCK THREE TIMES,DAWN,5,17,2.57
19/06/1971,CHIRPY CHIRPY CHEEP CHEEP,MIDDLE OF THE ROAD,5,25,2.57
24/07/1971,GET IT ON,T REX,4,9,4.22
21/08/1971,I'M STILL WAITING,DIANA ROSS,4,17,3.44
18/09/1971,HEY GIRL DON'T BOTHER ME,TAMS,3,24,2.31
09/10/1971,REASON TO BELIEVE/MAGGIE MAY,ROD STEWART,5,28,4.10
13/11/1971,COZ I LUV YOU,SLADE,4,13,3.26
11/12/1971,ERNIE (THE FASTEST MILKMAN IN THE WEST),BENNY HILL,4,39,3.51
08/01/1972,I'D LIKE TO TEACH THE WORLD TO SING (IN PERFECT HARMONY),NEW SEEKERS,4,56,2.22
05/02/1972,TELEGRAM SAM,T REX,2,12,3.45
19/02/1972,SON OF MY FATHER,CHICORY TIP,3,16,3.07
11/03/1972,WITHOUT YOU,NILSSON,5,11,3.21
15/04/1972,AMAZING GRACE,THE PIPES & DRUMS & MILITARY BAND OF THE ROYAL SCOTS DRAGOON GUARDS,5,13,2.58
20/05/1972,METAL GURU,T REX,4,10,2.29
17/06/1972,VINCENT,DON MCLEAN,2,7,4.00
01/07/1972,TAKE ME BACK 'OME,SLADE,1,17,3.16
08/07/1972,PUPPY LOVE,DONNY OSMOND,5,10,3.04
12/08/1972,SCHOOL'S OUT,ALICE COOPER,3,12,3.30
02/09/1972,YOU WEAR IT WELL,ROD STEWART,1,16,4.22
09/09/1972,MAMA WEER ALL CRAZEE NOW,SLADE,3,24,3.45
30/09/1972,HOW CAN I BE SURE,DAVID CASSIDY,2,17,3.04
14/10/1972,MOULDY OLD DOUGH,LIEUTENANT PIGEON,4,16,2.47
11/11/1972,CLAIR,GILBERT O'SULLIVAN,2,5,3.00
25/11/1972,MY DING-A-LING,CHUCK BERRY,4,14,3.43
23/12/1972,LONG HAIRED LOVER FROM LIVERPOOL,LITTLE JIMMY OSMOND,5,32,2.12
27/01/1973,BLOCKBUSTER,SWEET,5,11,3.12
03/03/1973,CUM ON FEEL THE NOIZE,SLADE,4,21,4.22
31/03/1973,THE TWELFTH OF NEVER,DONNY OSMOND,1,20,2.41
07/04/1973,GET DOWN,GILBERT O'SULLIVAN,2,8,2.39
21/04/1973,TIE A YELLOW RIBBON ROUND THE OLD OAK TREE,DAWN FEATURING TONY ORLANDO,4,42,3.26
19/05/1973,SEE MY BABY JIVE,WIZZARD,4,16,5.02
16/06/1973,CAN THE CAN,SUZI QUATRO,1,11,3.34
23/06/1973,RUBBER BULLETS,10 C.C.,1,14,5.18
30/06/1973,SKWEEZE ME PLEEZE ME,SLADE,3,20,4.30
21/07/1973,WELCOME HOME,PETERS & LEE,1,12,3.31
28/07/1973,I'M THE LEADER OF THE GANG (I AM),GARY GLITTER,4,33,3.28
25/08/1973,YOUNG LOVE,DONNY OSMOND,4,10,2.29
22/09/1973,ANGEL FINGERS,WIZZARD,1,13,4.39
29/09/1973,EYE LEVEL,SIMON PARK ORCHESTRA,4,9,2.21
27/10/1973,DAYDREAMER/THE PUPPY SONG,DAVID CASSIDY,3,25,2.46
17/11/1973,I LOVE YOU LOVE ME LOVE,GARY GLITTER,4,23,3.15
15/12/1973,MERRY XMAS EVERYBODY,SLADE,5,20,3.43
19/01/1974,YOU WON'T FIND ANOTHER FOOL LIKE ME,NEW SEEKERS,1,35,3.12
26/01/1974,TIGER FEET,MUD,4,10,3.50
23/02/1974,DEVIL GATE DRIVE,SUZI QUATRO,2,16,3.47
09/03/1974,JEALOUS MIND,ALVIN STARDUST,1,12,2.41
16/03/1974,"BILLY, DON'T BE A HERO",PAPER LACE,3,22,3.45
06/04/1974,SEASONS IN THE SUN,TERRY JACKS,4,18,3.25
04/05/1974,WATERLOO,ABBA,2,8,2.48
18/05/1974,SUGAR BABY LOVE,RUBETTES,4,15,3.28
15/06/1974,THE STREAK,RAY STEVENS,1,10,3.17
22/06/1974,ALWAYS YOURS,GARY GLITTER,1,12,3.25
29/06/1974,SHE,CHARLES AZNAVOUR,4,3,2.33
27/07/1974,ROCK YOUR BABY,GEORGE MCCRAE,3,14,3.20
17/08/1974,WHEN WILL I SEE YOU AGAIN,THREE DEGREES,2,25,2.58
31/08/1974,LOVE ME FOR A REASON,OSMONDS,3,20,4.03
21/09/1974,KUNG FU FIGHTING,CARL DOUGLAS,3,16,3.17
12/10/1974,ANNIE'S SONG,JOHN DENVER,1,12,3.00
19/10/1974,SAD SWEET DREAMER,SWEET SENSATION,1,17,3.22
26/10/1974,EVERYTHING I OWN,KEN BOOTHE,3,16,3.49
16/11/1974,GONNA MAKE YOU A STAR,DAVID ESSEX,3,21,3.33
07/12/1974,YOU'RE THE FIRST THE LAST MY EVERYTHING,BARRY WHITE,2,39,3.32
21/12/1974,LONELY THIS CHRISTMAS,MUD,4,21,3.33
18/01/1975,DOWN DOWN,STATUS QUO,1,9,5.24
25/01/1975,MS GRACE,TYMES,1,8,3.26
01/02/1975,JANUARY,PILOT,3,7,3.31
22/02/1975,MAKE ME SMILE (COME UP AND SEE ME),STEVE HARLEY & COCKNEY REBEL,2,34,3.59
08/03/1975,IF,TELLY SAVALAS,2,2,2.49
22/03/1975,BYE BYE BABY,BAY CITY ROLLERS,6,12,2.46
03/05/1975,OH BOY,MUD,2,6,2.53
17/05/1975,STAND BY YOUR MAN,TAMMY WYNETTE,3,17,2.37
07/06/1975,WHISPERING GRASS,WINDSOR DAVIES & DON ESTELLE,3,16,3.06
28/06/1975,I'M NOT IN LOVE,10 C.C.,2,15,6.06
12/07/1975,TEARS ON MY PILLOW,JOHNNY NASH,1,18,3.14
19/07/1975,GIVE A LITTLE LOVE,BAY CITY ROLLERS,3,18,3.28
09/08/1975,BARBADOS,TYPICALLY TROPICAL,1,8,3.34
16/08/1975,CAN'T GIVE YOU ANYTHING (BUT MY LOVE),STYLISTICS,3,37,3.14
06/09/1975,SAILING,ROD STEWART,4,7,4.38
04/10/1975,HOLD ME CLOSE,DAVID ESSEX,3,13,3.52
25/10/1975,I ONLY HAVE EYES FOR YOU,ART GARFUNKEL,2,24,3.36
08/11/1975,SPACE ODDITY,DAVID BOWIE,2,12,5.18
22/11/1975,D.I.V.O.R.C.E.,BILLY CONNOLLY,1,14,2.44
29/11/1975,BOHEMIAN RHAPSODY,QUEEN,9,17,5.54
31/01/1976,MAMMA MIA,ABBA,2,9,3.33
14/02/1976,FOREVER AND EVER,SLIK,1,16,3.38
21/02/1976,DECEMBER '63 (OH WHAT A NIGHT),FOUR SEASONS,2,30,3.21
06/03/1976,I LOVE TO LOVE (BUT MY BABY LOVES TO DANCE),TINA CHARLES,3,43,3.03
27/03/1976,SAVE YOUR KISSES FOR ME,BROTHERHOOD OF MAN,6,23,3.04
08/05/1976,FERNANDO,ABBA,4,8,4.12
05/06/1976,NO CHARGE,J.J. BARRIE,1,9,3.45
12/06/1976,COMBINE HARVESTER (BRAND NEW KEY),WURZELS,2,33,3.29
26/06/1976,YOU TO ME ARE EVERYTHING,REAL THING,3,24,3.28
17/07/1976,THE ROUSSOS PHENOMENON EP,DEMIS ROUSSOS,1,25,3.39
24/07/1976,DON'T GO BREAKING MY HEART,ELTON JOHN & KIKI DEE,6,26,4.35
04/09/1976,DANCING QUEEN,ABBA,6,13,3.50
16/10/1976,MISSISSIPPI,PUSSYCAT,4,11,4.33
13/11/1976,IF YOU LEAVE ME NOW,CHICAGO,3,19,3.55
04/12/1976,UNDER THE MOON OF LOVE,SHOWADDYWADDY,3,22,3.12
25/12/1976,WHEN A CHILD IS BORN (SOLEADO),JOHNNY MATHIS,3,30,3.43
15/01/1977,DON'T GIVE UP ON US,DAVID SOUL,4,19,3.38
12/02/1977,DON'T CRY FOR ME ARGENTINA,JULIE COVINGTON,1,26,5.28
19/02/1977,WHEN I NEED YOU,LEO SAYER,3,15,4.12
12/03/1977,CHANSON D'AMOUR,MANHATTAN TRANSFER,3,15,2.53
02/04/1977,KNOWING ME KNOWING YOU,ABBA,5,22,4.01
07/05/1977,FREE,DENIECE WILLIAMS,2,4,5.56
21/05/1977,I DON'T WANT TO TALK ABOUT IT/FIRST CUT IS THE DEEPEST,ROD STEWART,4,54,4.50
18/06/1977,LUCILLE,KENNY ROGERS,1,7,3.40
25/06/1977,SHOW YOU THE WAY TO GO,JACKSONS,1,22,5.26
02/07/1977,SO YOU WIN AGAIN,HOT CHOCOLATE,3,16,4.31
23/07/1977,I FEEL LOVE,DONNA SUMMER,4,11,8.15
20/08/1977,ANGELO,BROTHERHOOD OF MAN,1,6,3.14
27/08/1977,FLOAT ON,FLOATERS,1,8,4.10
03/09/1977,WAY DOWN,ELVIS PRESLEY,5,8,2.38
08/10/1977,SILVER LADY,DAVID SOUL,3,11,3.44
29/10/1977,YES SIR I CAN BOOGIE,BACCARA,1,20,4.33
05/11/1977,THE NAME OF THE GAME,ABBA,4,20,4.51
03/12/1977,MULL OF KINTYRE/GIRLS' SCHOOL,WINGS,9,29,4.46
04/02/1978,UP TOWN TOP RANKING,ALTHIA & DONNA,1,19,3.56
11/02/1978,FIGARO,BROTHERHOOD OF MAN,1,6,2.56
18/02/1978,TAKE A CHANCE ON ME,ABBA,3,19,4.03
11/03/1978,WUTHERING HEIGHTS,KATE BUSH,4,17,4.29
08/04/1978,MATCHSTALK MEN AND MATCHSTALK CATS AND DOGS,BRIAN & MICHAEL,3,43,4.26
29/04/1978,NIGHT FEVER,BEE GEES,2,11,3.32
13/05/1978,RIVERS OF BABYLON/BROWN GIRL IN THE RING,BONEY M,5,40,4.00
17/06/1978,YOU'RE THE ONE THAT I WANT,JOHN TRAVOLTA & OLIVIA NEWTON-JOHN,9,26,2.49
19/08/1978,THREE TIMES A LADY,COMMODORES,5,18,3.36
23/09/1978,DREADLOCK HOLIDAY,10 C.C.,1,17,4.27
30/09/1978,SUMMER NIGHTS,JOHN TRAVOLTA & OLIVIA NEWTON-JOHN,7,13,3.36
18/11/1978,RAT TRAP,BOOMTOWN RATS,2,8,5.10
02/12/1978,DA YA THINK I'M SEXY,ROD STEWART,1,20,5.31
09/12/1978,MARY'S BOY CHILD - OH MY LORD,BONEY M,4,29,4.03
06/01/1979,Y.M.C.A.,VILLAGE PEOPLE,3,8,4.46
27/01/1979,HIT ME WITH YOUR RHYTHM STICK,IAN DURY & THE BLOCKHEADS,1,29,3.43
03/02/1979,HEART OF GLASS,BLONDIE,4,14,4.35
03/03/1979,TRAGEDY,BEE GEES,2,7,5.03
17/03/1979,I WILL SURVIVE,GLORIA GAYNOR,4,14,3.15
14/04/1979,BRIGHT EYES,ART GARFUNKEL,6,11,3.55
26/05/1979,SUNDAY GIRL,BLONDIE,3,11,3.05
16/06/1979,RING MY BELL,ANITA WARD,2,12,8.11
30/06/1979,ARE 'FRIENDS' ELECTRIC?,TUBEWAY ARMY,4,23,5.25
28/07/1979,I DON'T LIKE MONDAYS,BOOMTOWN RATS,4,20,4.19
25/08/1979,WE DON'T TALK ANYMORE,CLIFF RICHARD,4,21,4.17
22/09/1979,CARS,GARY NUMAN,1,4,3.58
29/09/1979,MESSAGE IN A BOTTLE,POLICE,3,19,4.50
20/10/1979,VIDEO KILLED THE RADIO STAR,BUGGLES,1,27,4.12
27/10/1979,ONE DAY AT A TIME,LENA MARTELL,3,17,3.14
17/11/1979,WHEN YOU'RE IN LOVE WITH A BEAUTIFUL WOMAN,DR HOOK,3,42,2.53
08/12/1979,WALKING ON THE MOON,POLICE,1,19,5.00
15/12/1979,ANOTHER BRICK IN THE WALL (PART 2),PINK FLOYD,5,34,3.50
19/01/1980,BRASS IN POCKET,PRETENDERS,2,15,3.04
02/02/1980,THE SPECIAL A.K.A. LIVE! EP,THE SPECIAL AKA,2,27,6.05
16/02/1980,COWARD OF THE COUNTY,KENNY ROGERS,2,20,4.22
01/03/1980,ATOMIC,BLONDIE,2,6,4.40
15/03/1980,TOGETHER WE ARE BEAUTIFUL,FERN KINNEY,1,25,4.17
22/03/1980,GOING UNDERGROUND/DREAMS OF CHILDREN,JAM,3,36,2.54
12/04/1980,WORKING MY WAY BACK TO YOU - FORGIVE ME GIRL (MEDLEY),DETROIT SPINNERS,2,53,4.02
26/04/1980,CALL ME,BLONDIE,1,7,3.32
03/05/1980,GENO,DEXY'S MIDNIGHT RUNNERS,2,4,3.27
17/05/1980,WHAT'S ANOTHER YEAR,JOHNNY LOGAN,2,19,3.08
31/05/1980,THEME FROM M*A*S*H (SUICIDE IS PAINLESS),MASH,3,40,2.49
21/06/1980,CRYING,DON MCLEAN,3,6,3.42
12/07/1980,XANADU,OLIVIA NEWTON-JOHN & ELECTRIC LIGHT ORCHESTRA,2,6,3.28
26/07/1980,USE IT UP AND WEAR IT OUT,ODYSSEY,2,25,4.57
09/08/1980,THE WINNER TAKES IT ALL,ABBA,2,23,4.54
23/08/1980,ASHES TO ASHES,DAVID BOWIE,2,14,4.26
06/09/1980,START,JAM,1,5,2.29
13/09/1980,FEELS LIKE I'M IN LOVE,KELLY MARIE,2,22,3.19
27/09/1980,DON'T STAND SO CLOSE TO ME,POLICE,4,26,4.02
25/10/1980,WOMAN IN LOVE,BARBRA STREISAND,3,13,3.51
15/11/1980,THE TIDE IS HIGH,BLONDIE,2,16,3.52
29/11/1980,SUPER TROUPER,ABBA,3,13,4.12
20/12/1980,(JUST LIKE) STARTING OVER,JOHN LENNON,1,25,3.56
27/12/1980,THERE'S NO ONE QUITE LIKE GRANDMA,ST WINIFRED'S SCHOOL CHOIR,2,33,3.02
10/01/1981,IMAGINE,JOHN LENNON,4,7,3.07
07/02/1981,WOMAN,JOHN LENNON,2,5,3.32
21/02/1981,SHADDAP YOU FACE,JOE DOLCE MUSIC THEATRE,3,16,3.13
14/03/1981,JEALOUS GUY,ROXY MUSIC,2,11,4.53
28/03/1981,THIS OLE HOUSE,SHAKIN' STEVENS,3,14,3.05
18/04/1981,MAKING YOUR MIND UP,BUCKS FIZZ,3,19,2.38
09/05/1981,STAND AND DELIVER,ADAM & THE ANTS,5,17,2.56
13/06/1981,BEING WITH YOU,SMOKEY ROBINSON,2,14,4.06
27/06/1981,ONE DAY IN YOUR LIFE,MICHAEL JACKSON,2,20,4.15
11/07/1981,GHOST TOWN,SPECIALS,3,10,3.39
01/08/1981,GREEN DOOR,SHAKIN' STEVENS,4,10,3.11
29/08/1981,JAPANESE BOY,ANEKA,1,12,3.57
05/09/1981,TAINTED LOVE,SOFT CELL,2,12,2.33
19/09/1981,PRINCE CHARMING,ADAM & THE ANTS,4,15,3.18
17/10/1981,IT'S MY PARTY,DAVE STEWART WITH BARBARA GASKIN,4,13,3.42
14/11/1981,EVERY LITTLE THING SHE DOES IS MAGIC,POLICE,1,36,4.20
21/11/1981,UNDER PRESSURE,QUEEN & DAVID BOWIE,2,14,3.57
05/12/1981,BEGIN THE BEGUINE (VOLVER A EMPEZAR),JULIO IGLESIAS,1,36,4.44
12/12/1981,DON'T YOU WANT ME,HUMAN LEAGUE,5,17,3.56
16/01/1982,THE LAND OF MAKE BELIEVE,BUCKS FIZZ,2,24,3.46
30/01/1982,OH JULIE,SHAKIN' STEVENS,1,8,2.33
06/02/1982,THE MODEL/COMPUTER LOVE,KRAFTWERK,1,23,3.40
13/02/1982,A TOWN CALLED MALICE/PRECIOUS,JAM,3,29,2.56
06/03/1982,THE LION SLEEPS TONIGHT,TIGHT FIT,3,23,3.17
27/03/1982,SEVEN TEARS,GOOMBAY DANCE BAND,3,11,3.58
17/04/1982,MY CAMERA NEVER LIES,BUCKS FIZZ,1,20,4.02
24/04/1982,EBONY AND IVORY,PAUL McCARTNEY & STEVIE WONDER,3,15,3.46
15/05/1982,A LITTLE PEACE,NICOLE,2,14,3.01
29/05/1982,HOUSE OF FUN,MADNESS,2,12,2.58
12/06/1982,GOODY TWO SHOES,ADAM ANT,2,15,3.29
26/06/1982,I'VE NEVER BEEN TO ME,CHARLENE,1,21,3.54
03/07/1982,HAPPY TALK,CAPTAIN SENSIBLE,2,10,3.31
17/07/1982,FAME,IRENE CARA,3,4,5.19
07/08/1982,COME ON EILEEN,DEXY'S MIDNIGHT RUNNERS WITH THE EMERALD EXPRESS,4,14,4.47
04/09/1982,EYE OF THE TIGER,SURVIVOR,4,16,4.05
02/10/1982,PASS THE DUTCHIE,MUSICAL YOUTH,3,16,3.19
23/10/1982,DO YOU REALLY WANT TO HURT ME,CULTURE CLUB,3,29,4.22
13/11/1982,I DON'T WANNA DANCE,EDDY GRANT,3,19,3.21
04/12/1982,BEAT SURRENDER,JAM,2,14,3.27
18/12/1982,SAVE YOUR LOVE,RENEE & RENATO,4,14,3.07
15/01/1983,YOU CAN'T HURRY LOVE,PHIL COLLINS,2,20,2.55
29/01/1983,DOWN UNDER,MEN AT WORK,3,10,3.40
19/02/1983,TOO SHY,KAJAGOOGOO,2,7,3.42
05/03/1983,BILLIE JEAN,MICHAEL JACKSON,1,11,4.53
12/03/1983,TOTAL ECLIPSE OF THE HEART,BONNIE TYLER,2,26,4.27
26/03/1983,IS THERE SOMETHING I SHOULD KNOW,DURAN DURAN,2,32,4.11
09/04/1983,LET'S DANCE,DAVID BOWIE,3,11,7.37
30/04/1983,TRUE.,SPANDAU BALLET,4,5,5.28
28/05/1983,CANDY GIRL,NEW EDITION,1,10,3.58
04/06/1983,EVERY BREATH YOU TAKE,POLICE,4,21,4.13
02/07/1983,BABY JANE,ROD STEWART,3,9,4.43
23/07/1983,WHEREVER I LAY MY HAT (THAT'S MY HOME),PAUL YOUNG,3,38,4.10
13/08/1983,GIVE IT UP,K C & THE SUNSHINE BAND,3,10,4.05
03/09/1983,RED RED WINE,UB 40,3,12,5.20
24/09/1983,KARMA CHAMELEON,CULTURE CLUB,6,15,4.01
05/11/1983,UPTOWN GIRL,BILLY JOEL,5,11,3.14
10/12/1983,ONLY YOU,FLYING PICKETS,5,8,3.26
14/01/1984,PIPES OF PEACE,PAUL MCCARTNEY,2,14,3.23
28/01/1984,RELAX,FRANKIE GOES TO HOLLYWOOD,5,5,3.56
03/03/1984,99 RED BALLOONS,NENA,3,15,4.41
24/03/1984,HELLO,LIONEL RICHIE,6,5,4.06
05/05/1984,THE REFLEX,DURAN DURAN,4,10,4.26
02/06/1984,WAKE ME UP BEFORE YOU GO-GO,WHAM!,2,27,3.51
16/06/1984,TWO TRIBES,FRANKIE GOES TO HOLLYWOOD,9,10,3.28
18/08/1984,CARELESS WHISPER,GEORGE MICHAEL,3,16,5.00
08/09/1984,I JUST CALLED TO SAY I LOVE YOU,STEVIE WONDER,6,31,4.22
20/10/1984,FREEDOM,WHAM!,3,7,5.02
10/11/1984,I FEEL FOR YOU,CHAKA KHAN,3,14,5.43
01/12/1984,I SHOULD HAVE KNOWN BETTER,JIM DIAMOND,1,26,4.08
08/12/1984,THE POWER OF LOVE,FRANKIE GOES TO HOLLYWOOD,1,17,5.32
15/12/1984,DO THEY KNOW IT'S CHRISTMAS?,BAND AID,5,28,3.42
19/01/1985,I WANT TO KNOW WHAT LOVE IS,FOREIGNER,3,27,5.04
09/02/1985,I KNOW HIM SO WELL,ELAINE PAIGE & BARBARA DICKSON,4,18,4.17
09/03/1985,YOU SPIN ME ROUND (LIKE A RECORD),DEAD OR ALIVE,2,33,3.19
23/03/1985,EASY LOVER,PHILIP BAILEY (DUET WITH PHIL COLLINS),4,10,5.04
20/04/1985,WE ARE THE WORLD,USA FOR AFRICA,2,16,7.07
04/05/1985,MOVE CLOSER,PHYLLIS NELSON,1,11,4.35
11/05/1985,19,PAUL HARDCASTLE,5,2,3.30
15/06/1985,YOU'LL NEVER WALK ALONE,CROWD,2,23,2.43
29/06/1985,FRANKIE,SISTER SLEDGE,4,7,4.17
27/07/1985,THERE MUST BE AN ANGEL (PLAYING WITH MY HEART),EURYTHMICS,1,46,4.41
03/08/1985,INTO THE GROOVE,MADONNA,4,15,4.45
31/08/1985,I GOT YOU BABE,UB40 FEATURING CHRISSIE HYNDE,1,14,3.09
07/09/1985,DANCING IN THE STREETS,DAVID BOWIE & MICK JAGGER,4,22,3.24
05/10/1985,IF I WAS,MIDGE URE,1,8,5.21
12/10/1985,THE POWER OF LOVE,JENNIFER RUSH,5,17,4.39
16/11/1985,A GOOD HEART,FEARGAL SHARKEY,2,12,4.41
30/11/1985,I'M YOUR MAN,WHAM!,2,12,4.03
14/12/1985,SAVING ALL MY LOVE FOR YOU,WHITNEY HOUSTON,2,26,3.58
28/12/1985,MERRY CHRISTMAS EVERYONE,SHAKIN' STEVENS,2,24,3.43
11/01/1986,WEST END GIRLS,PET SHOP BOYS,2,14,4.05
25/01/1986,THE SUN ALWAYS SHINES ON TV,A-HA,2,27,5.02
08/02/1986,"WHEN THE GOING GETS TOUGH, THE TOUGH GET GOING",BILLY OCEAN,4,46,4.08
08/03/1986,CHAIN REACTION,DIANA ROSS,3,14,3.50
29/03/1986,LIVING DOLL,CLIFF RICHARD & THE YOUNG ONES FEATURING HANK B MARVIN,3,11,2.38
19/04/1986,A DIFFERENT CORNER,GEORGE MICHAEL,3,18,4.03
10/05/1986,ROCK ME AMADEUS,FALCO,1,15,3.15
17/05/1986,THE CHICKEN SONG,SPITTING IMAGE,3,16,2.31
07/06/1986,SPIRIT IN THE SKY,DOCTOR & THE MEDICS,3,17,3.28
28/06/1986,THE EDGE OF HEAVEN/WHERE DID YOUR HEART GO,WHAM!,2,42,4.30
12/07/1986,PAPA DON'T PREACH,MADONNA,3,17,5.45
02/08/1986,THE LADY IN RED,CHRIS DE BURGH,3,15,4.14
23/08/1986,I WANT TO WAKE UP WITH YOU,BORIS GARDINER,3,26,3.58
13/09/1986,DON'T LEAVE ME THIS WAY,COMMUNARDS WITH SARAH-JANE MORRIS,4,23,4.31
11/10/1986,TRUE BLUE,MADONNA,1,9,4.18
18/10/1986,EVERY LOSER WINS,NICK BERRY,3,16,3.11
08/11/1986,TAKE MY BREATH AWAY (LOVE THEME FROM 'TOP GUN'),BERLIN,4,47,4.09
06/12/1986,THE FINAL COUNTDOWN,EUROPE,2,19,5.10
20/12/1986,CARAVAN OF LOVE,HOUSEMARTINS,1,15,3.39
27/12/1986,REET PETITE (THE SWEETEST GIRL IN TOWN),JACKIE WILSON,4,39,2.42
24/01/1987,JACK YOUR BODY,STEVE 'SILK' HURLEY,2,14,6.52
07/02/1987,I KNEW YOU WERE WAITING (FOR ME),ARETHA FRANKLIN & GEORGE MICHAEL,2,32,3.58
21/02/1987,STAND BY ME,BEN E. KING,3,11,3.00
14/03/1987,EVERYTHING I OWN,BOY GEORGE,2,16,3.57
28/03/1987,RESPECTABLE,MEL & KIM,1,11,5.40
04/04/1987,LET IT BE,FERRY AID,3,9,4.03
25/04/1987,LA ISLA BONITA,MADONNA,2,14,4.02
09/05/1987,NOTHING'S GONNA STOP US NOW,STARSHIP,4,27,4.30
06/06/1987,I WANNA DANCE WITH SOMEBODY (WHO LOVES ME),WHITNEY HOUSTON,2,42,4.51
20/06/1987,STAR TREKKIN',THE FIRM,2,13,3.35
04/07/1987,IT'S A SIN,PET SHOP BOYS,3,10,5.01
25/07/1987,WHO'S THAT GIRL,MADONNA,1,15,3.58
01/08/1987,LA BAMBA,LOS LOBOS,2,8,2.54
15/08/1987,I JUST CAN'T STOP LOVING YOU,MICHAEL JACKSON,2,28,4.11
29/08/1987,NEVER GONNA GIVE YOU UP,RICK ASTLEY,5,23,3.33
03/10/1987,PUMP UP THE VOLUME / ANITINA (THE FIRST TIME I SEE SHE DANCE),M/A/R/R/S,2,61,4.10
17/10/1987,YOU WIN AGAIN,BEE GEES,4,13,4.01
14/11/1987,CHINA IN YOUR HAND,T'PAU,5,18,4.07
19/12/1987,ALWAYS ON MY MIND,PET SHOP BOYS,4,17,3.54
16/01/1988,HEAVEN IS A PLACE ON EARTH,BELINDA CARLISLE,2,26,4.06
30/01/1988,I THINK WE'RE ALONE NOW,TIFFANY,3,23,3.48
20/02/1988,I SHOULD BE SO LUCKY,KYLIE MINOGUE,5,20,3.16
26/03/1988,DON'T TURN AROUND,ASWAD,2,17,3.37
09/04/1988,HEART,PET SHOP BOYS,3,5,4.17
30/04/1988,THEME FROM S-EXPRESS,S-EXPRESS,2,20,3.54
14/05/1988,PERFECT,FAIRGROUND ATTRACTION,1,7,3.37
21/05/1988,WITH A LITTLE HELP FROM MY FRIENDS/SHE'S LEAVING HOME,WET WET WET/BILLY BRAGG,4,53,2.38
18/06/1988,DOCTORIN' THE TARDIS,TIMELORDS,1,20,3.38
25/06/1988,I OWE YOU NOTHING,BROS,2,17,3.42
09/07/1988,NOTHING'S GONNA CHANGE MY LOVE FOR YOU,GLENN MEDEIROS,4,38,3.51
06/08/1988,THE ONLY WAY IS UP,YAZZ & THE PLASTIC POPULATION,5,18,3.59
10/09/1988,A GROOVY KIND OF LOVE,PHIL COLLINS,2,21,3.30
24/09/1988,"HE AIN'T HEAVY, HE'S MY BROTHER",HOLLIES,2,31,4.18
08/10/1988,DESIRE,U2,1,6,2.59
15/10/1988,ONE MOMENT IN TIME,WHITNEY HOUSTON,2,18,4.45
29/10/1988,ORINOCO FLOW,ENYA,3,12,4.26
19/11/1988,THE FIRST TIME,ROBIN BECK,3,14,3.16
10/12/1988,MISTLETOE AND WINE,CLIFF RICHARD,4,18,4.05
07/01/1989,ESPECIALLY FOR YOU,KYLIE MINOGUE & JASON DONOVAN,3,18,3.59
28/01/1989,SOMETHINGS GOTTEN HOLD OF MY HEART,MARC ALMOND FEATURING SPECIAL GUEST STAR GENE PITNEY,4,34,4.40
25/02/1989,BELFAST CHILD,SIMPLE MINDS,2,13,6.42
11/03/1989,TOO MANY BROKEN HEARTS,JASON DONOVAN,2,22,3.17
25/03/1989,LIKE A PRAYER,MADONNA,3,13,5.42
15/04/1989,ETERNAL FLAME,BANGLES,4,13,3.58
13/05/1989,HAND ON YOUR HEART,KYLIE MINOGUE,1,18,3.38
20/05/1989,FERRY 'CROSS THE MERSEY,"CHRISTIANS, HOLLY JOHNSON, PAUL McCARTNEY, GERRY MARSDEN & STOCK AITKEN WATERMAN",3,23,2.23
10/06/1989,SEALED WITH A KISS,JASON DONOVAN,2,18,2.43
24/06/1989,BACK TO LIFE (HOWEVER DO YOU WANT ME),SOUL II SOUL FEATURING CARON WHEELER,4,37,3.48
22/07/1989,YOU'LL NEVER STOP ME LOVING YOU,SONIA,2,31,3.23
05/08/1989,SWING THE MOOD,JIVE BUNNY & THE MASTERMIXERS,5,14,4.19
09/09/1989,RIDE ON TIME,BLACK BOX,6,12,4.32
21/10/1989,THAT'S WHAT I LIKE,JIVE BUNNY & THE MASTERMIXERS,3,18,4.01
11/11/1989,ALL AROUND THE WORLD,LISA STANSFIELD,2,20,4.25
25/11/1989,YOU GOT IT (THE RIGHT STUFF),NEW KIDS ON THE BLOCK,3,28,4.10
16/12/1989,LET'S PARTY,JIVE BUNNY & THE MASTERMIXERS,1,11,6.45
23/12/1989,DO THEY KNOW IT'S CHRISTMAS?,BAND AID II,3,28,4.16
16/01/1990,HANGIN' TOUGH,NEW KIDS ON THE BLOCK,2,13,2.29
27/01/1990,TEARS ON MY PILLOW,KYLIE MINOGUE,1,18,5.30
03/02/1990,NOTHING COMPARES 2 U,SINEAD O'CONNOR,4,20,5.30
03/03/1990,DUB BE GOOD TO ME,BEATS INTERNATIONAL FEATURING LINDY LAYTON,4,17,5.21
31/03/1990,THE POWER,SNAP,2,9,3.48
14/04/1990,VOGUE,MADONNA,4,5,5.16
12/05/1990,KILLER,ADAMSKI,4,6,4.10
09/06/1990,WORLD IN MOTION,ENGLANDNEWORDER,2,15,4.30
23/06/1990,SACRIFICE/HEALING HANDS,ELTON JOHN,5,23,5.04
28/07/1990,TURTLE POWER,PARTNERS IN KRYME,4,12,4.20
25/08/1990,ITSY BITSY TEENY WEENY YELLOW POLKA DOT BIKINI,BOMBALURINA FT. TIMMY MALLETT,3,46,3.40
15/09/1990,THE JOKER,STEVE MILLER BAND,2,9,4.24
29/09/1990,SHOW ME HEAVEN,MARIA MCKEE,4,14,3.49
27/10/1990,A LITTLE TIME,BEAUTIFUL SOUTH,1,13,2.59
03/11/1990,UNCHAINED MELODY,RIGHTEOUS BROTHERS,4,16,3.35
01/12/1990,ICE ICE BABY,VANILLA ICE,4,12,4.14
29/12/1990,SAVIOUR'S DAY,CLIFF RICHARD,1,13,4.53
05/01/1991,BRING YOUR DAUGHTER...TO THE SLAUGHTER,IRON MAIDEN,2,38,4.43
19/01/1991,SADENESS PART 1,ENIGMA,1,15,4.15
26/01/1991,INNUENDO,QUEEN,1,8,6.33
02/02/1991,3 AM ETERNAL,KLF FT. THE CHILDREN OF THE REVOLUTION,2,12,3.20
16/02/1991,DO THE BARTMAN,SIMPSONS,3,14,5.10
09/03/1991,SHOULD I STAY OR SHOULD I GO,CLASH,2,28,3.08
23/03/1991,THE STONK,HALE & PACE & THE STONKERS,1,9,3.38
30/03/1991,THE ONE AND ONLY,CHESNEY HAWKES,5,16,3.43
04/05/1991,THE SHOOP SHOOP SONG (IT'S IN HIS KISS),CHER,5,39,2.49
08/06/1991,I WANNA SEX YOU UP,COLOR ME BADD,3,18,4.00
29/06/1991,ANY DREAM WILL DO,JASON DONOVAN,2,17,3.53
13/07/1991,(EVERYTHING I DO) I DO IT FOR YOU,BRYAN ADAMS,16,33,6.33
02/11/1991,THE FLY,U2,1,7,4.35
09/11/1991,DIZZY,VIC REEVES & THE WONDER STUFF,2,5,3.16
23/11/1991,BLACK OR WHITE,MICHAEL JACKSON,2,14,3.22
07/12/1991,DON'T LET THE SUN GO DOWN ON ME,GEORGE MICHAEL & ELTON JOHN,2,31,5.36
21/12/1991,BOHEMIAN RHAPSODY/THESE ARE THE DAYS OF OUR LIVES,QUEEN,5,49,5.54
25/01/1992,GOODNIGHT GIRL,WET WET WET,4,14,3.41
22/02/1992,STAY,SHAKESPEAR'S SISTER,8,4,3.47
18/04/1992,DEEPLY DIPPY,RIGHT SAID FRED,3,12,3.21
09/05/1992,PLEASE DON'T GO/GAME BOY,KWS,5,24,3.33
13/06/1992,ABBA-ESQUE EP,ERASURE,5,13,4.45
18/07/1992,AIN'T NO DOUBT,JIMMY NAIL,3,14,4.07
08/08/1992,RHYTHM IS A DANCER,SNAP,6,18,5.16
19/09/1992,EBENEEZER GOODE,SHAMEN,4,15,3.54
17/10/1992,SLEEPING SATELLITE,TASMIN ARCHER,2,18,4.18
31/10/1992,END OF THE ROAD,BOYZ II MEN,3,15,5.51
21/11/1992,WOULD I LIE TO YOU,CHARLES & EDDIE,2,18,3.24
05/12/1992,I WILL ALWAYS LOVE YOU,WHITNEY HOUSTON,10,22,4.31
13/02/1993,NO LIMIT,2 UNLIMITED,5,8,3.44
20/03/1993,OH CAROLINA,SHAGGY,2,11,3.14
03/04/1993,YOUNG AT HEART,BLUEBELLS,4,14,5.22
01/05/1993,FIVE LIVE EP,GEORGE MICHAEL & QUEEN WITH LISA STANSFIELD,3,12,5.18
22/05/1993,ALL THAT SHE WANTS,ACE OF BASE,3,18,3.31
12/06/1993,(I CAN'T HELP) FALLING IN LOVE WITH YOU,UB40,2,39,3.27
26/06/1993,DREAMS,GABRIELLE,3,6,3.42
17/07/1993,PRAY,TAKE THAT,4,4,3.43
14/08/1993,LIVING ON MY OWN,FREDDIE MERCURY,2,16,3.38
28/08/1993,MR VAIN,CULTURE BEAT,4,7,5.36
25/09/1993,BOOM! SHAKE THE ROOM,JAZZY JEFF & THE FRESH PRINCE,2,20,3.48
09/10/1993,RELIGHT MY FIRE,TAKE THAT FT. LULU,2,15,4.09
23/10/1993,I'D DO ANYTHING FOR LOVE (BUT I WON'T DO THAT),MEAT LOAF,7,46,12.01
11/12/1993,MR BLOBBY,MR BLOBBY,1,9,3.28
18/12/1993,BABE,TAKE THAT,1,4,4.51
25/12/1993,MR BLOBBY,MR BLOBBY,2,9,3.28
08/01/1994,TWIST & SHOUT,CHAKA DEMUS & PLIERS FT. JACK RADICS & TAXI GANG,2,13,3.57
22/01/1994,THINGS CAN ONLY GET BETTER,D:REAM,4,26,4.18
19/02/1994,WITHOUT YOU,MARIAH CAREY,4,11,3.33
19/03/1994,DOOP,DOOP,3,4,3.08
09/04/1994,EVERYTHING CHANGES,TAKE THAT,2,18,3.33
23/04/1994,THE MOST BEAUTIFUL GIRL IN THE WORLD,PRINCE,2,36,3.53
07/05/1994,THE REAL THING,TONY DI BART,1,14,3.35
14/05/1994,INSIDE,STILTSKIN,1,6,5.57
21/05/1994,COME ON YOU REDS,MANCHESTER UNITED FOOTBALL CLUB,1,16,3.24
04/06/1994,LOVE IS ALL AROUND,WET WET WET,15,18,4.06
17/09/1994,SATURDAY NIGHT,WHIGFIELD,4,14,4.00
15/10/1994,SURE,TAKE THAT,2,4,3.40
29/10/1994,BABY COME BACK,PATO BANTON,4,14,3.53
26/11/1994,LET ME BE YOUR FANTASY,BABY D,2,22,7.50
10/12/1994,STAY ANOTHER DAY,EAST 17,5,16,4.27
14/01/1995,COTTON EYE JOE,REDNEX,3,14,3.14
04/02/1995,THINK TWICE,CELINE DION,7,11,4.48
25/03/1995,LOVE CAN BUILD A BRIDGE,"CHER, CHRISSIE HYNDE, NENEH CHERRY WITH ERIC CLAPTON",1,23,4.07
01/04/1995,DON'T STOP (WIGGLE WIGGLE),OUTHERE BROTHERS,1,26,3.17
08/04/1995,BACK FOR GOOD,TAKE THAT,4,13,4.02
06/05/1995,SOME MIGHT SAY,OASIS,1,14,5.28
13/05/1995,DREAMER,LIVIN' JOY,1,7,3.43
20/05/1995,UNCHAINED MELODY/(THERE'LL BE BLUEBIRDS OVER) WHITE CLIFFS OF DOVER,ROBSON GREEN & JEROME FLYNN,7,67,3.19
08/07/1995,BOOM BOOM BOOM,OUTHERE BROTHERS,4,14,3.13
05/08/1995,NEVER FORGET,TAKE THAT,3,12,6.24
26/08/1995,COUNTRY HOUSE,BLUR,2,13,3.57
09/09/1995,YOU ARE NOT ALONE,MICHAEL JACKSON,2,17,5.45
23/09/1995,BOOMBASTIC,SHAGGY,1,10,4.07
30/09/1995,FAIRGROUND,SIMPLY RED,4,10,5.33
28/10/1995,GANGSTA'S PARADISE,COOLIO FT. LV,2,18,4.00
11/11/1995,I BELIEVE/UP ON THE ROOF,ROBSON GREEN & JEROME FLYNN,4,24,2.07
09/12/1995,EARTH SONG,MICHAEL JACKSON,6,10,6.46
20/01/1996,JESUS TO A CHILD,GEORGE MICHAEL,1,16,6.51
27/01/1996,SPACEMAN,BABYLON ZOO,5,8,4.02
02/03/1996,DON'T LOOK BACK IN ANGER,OASIS,1,24,4.47
09/03/1996,HOW DEEP IS YOUR LOVE,TAKE THAT,3,21,3.40
30/03/1996,FIRESTARTER,PRODIGY,3,11,4.39
20/04/1996,RETURN OF THE MACK,MARK MORRISON,2,18,3.33
04/05/1996,FASTLOVE,GEORGE MICHAEL,3,8,5.24
25/05/1996,OOH AAH... JUST A LITTLE BIT,GINA G,1,28,3.31
01/06/1996,THREE LIONS (THE OFFICIAL SONG OF THE ENGLAND FOOTBALL TEAM),BADDIEL & SKINNER & LIGHTNING SEEDS,1,60,3.46
08/06/1996,KILLING ME SOFTLY,FUGEES,4,17,4.58
06/07/1996,THREE LIONS (THE OFFICIAL SONG OF THE ENGLAND FOOTBALL TEAM),BADDIEL & SKINNER & LIGHTNING SEEDS,1,60,3.46
13/07/1996,KILLING ME SOFTLY,FUGEES,1,17,4.58
20/07/1996,FOREVER LOVE,GARY BARLOW,1,12,4.50
27/07/1996,WANNABE,SPICE GIRLS,7,7,2.55
14/09/1996,FLAVA,PETER ANDRE,1,5,3.52
21/09/1996,READY OR NOT,FUGEES,2,12,3.46
05/10/1996,BREAKFAST AT TIFFANY'S,DEEP BLUE SOMETHING,1,22,4.17
12/10/1996,SETTING SUN,CHEMICAL BROTHERS,1,11,5.28
19/10/1996,WORDS,BOYZONE,1,5,4.01
26/10/1996,SAY YOU'LL BE THERE,SPICE GIRLS,2,19,3.57
09/11/1996,WHAT BECOMES OF THE BROKENHEARTED/SATURDAY NIGHT AT THE MOVIES/YOU'LL NEVER WALK ALONE,ROBSON GREEN & JEROME FLYNN,2,86,3.21
23/11/1996,BREATHE,PRODIGY,2,7,5.34
07/12/1996,I FEEL YOU,PETER ANDRE,1,10,5.04
14/12/1996,A DIFFERENT BEAT,BOYZONE,1,16,4.14
21/12/1996,KNOCKIN' ON HEAVEN'S DOOR/THROW THESE GUNS AWAY,DUNBLANE,1,47,2.30
28/12/1996,2 BECOME 1,SPICE GIRLS,3,10,4.01
18/01/1997,PROFESSIONAL WIDOW (IT'S GOT TO BE BIG),TORI AMOS,1,39,3.45
25/01/1997,YOUR WOMAN,WHITE TOWN,1,10,4.19
01/02/1997,BEETLEBUM,BLUR,1,9,5.05
08/02/1997,AIN'T NOBODY,LL COOL J,1,12,4.37
15/02/1997,DISCOTHEQUE,U2,1,11,5.18
22/02/1997,DON'T SPEAK,NO DOUBT,3,11,4.23
15/03/1997,MAMA/WHO DO YOU THINK YOU ARE,SPICE GIRLS,3,29,5.04
05/04/1997,BLOCK ROCKIN' BEATS,CHEMICAL BROTHERS,1,19,3.23
12/04/1997,I BELIEVE I CAN FLY,R KELLY,3,19,5.20
03/05/1997,BLOOD ON THE DANCE FLOOR,MICHAEL JACKSON,1,24,4.13
10/05/1997,LOVE WON'T WAIT,GARY BARLOW,1,15,4.15
17/05/1997,YOU'RE NOT ALONE,OLIVE,2,16,4.30
31/05/1997,I WANNA BE THE ONE,ETERNAL FT. BEBE WINANS,1,18,3.36
07/06/1997,MMMBOP,HANSON,3,6,3.59
28/06/1997,I'LL BE MISSING YOU,PUFF DADDY & FAITH EVANS FT. 112,3,19,5.06
19/07/1997,D'YOU KNOW WHAT I MEAN?,OASIS,1,23,7.42
26/07/1997,I'LL BE MISSING YOU,PUFF DADDY & FAITH EVANS FT. 112,3,19,5.06
16/08/1997,MEN IN BLACK,WILL SMITH,4,12,3.47
13/09/1997,THE DRUGS DON'T WORK,VERVE,1,20,5.04
20/09/1997,SOMETHING ABOUT THE WAY YOU LOOK TONIGHT/CANDLE IN THE WIND 97,ELTON JOHN,5,62,4.00
25/10/1997,SPICE UP YOUR LIFE,SPICE GIRLS,1,18,2.53
01/11/1997,BARBIE GIRL,AQUA,4,11,3.17
29/11/1997,PERFECT DAY,VARIOUS ARTISTS,2,11,3.45
13/12/1997,TELETUBBIES SAY EH-OH!,TELETUBBIES,2,22,3.30
27/12/1997,TOO MUCH,SPICE GIRLS,2,8,4.31
10/01/1998,PERFECT DAY,VARIOUS ARTISTS,1,11,3.45
17/01/1998,NEVER EVER,ALL SAINTS,1,10,6.27
24/01/1998,ALL AROUND THE WORLD,OASIS,1,20,9.20
31/01/1998,YOU MAKE ME WANNA...,USHER,1,20,3.39
07/02/1998,DOCTOR JONES,AQUA,2,12,3.23
21/02/1998,MY HEART WILL GO ON,CELINE DION,1,19,4.40
28/02/1998,BRIMFUL OF ASHA,CORNERSHOP,1,15,4.07
07/03/1998,FROZEN,MADONNA,1,6,6.18
14/03/1998,MY HEART WILL GO ON,CELINE DION,1,19,4.40
21/03/1998,IT'S LIKE THAT,RUN DMC VERSUS JASON NEVINS,6,14,4.10
02/05/1998,ALL THAT I NEED,BOYZONE,1,15,3.41
09/05/1998,UNDER THE BRIDGE/LADY MARMALADE,ALL SAINTS,1,31,5.01
16/05/1998,TURN BACK TIME,AQUA,1,14,4.08
23/05/1998,UNDER THE BRIDGE/LADY MARMALADE,ALL SAINTS,1,31,5.01
30/05/1998,FEEL IT,TAMPERER FT. MAYA,1,7,2.57
06/06/1998,C'EST LA VIE,B*WITCHED,2,12,2.52
20/06/1998,THREE LIONS '98,BADDIEL & SKINNER & LIGHTNING SEEDS,3,15,4.00
11/07/1998,BECAUSE WE WANT TO,BILLIE,1,18,3.50
18/07/1998,FREAK ME,ANOTHER LEVEL,1,8,4.55
25/07/1998,DEEPER UNDERGROUND,JAMIROQUAI,1,18,4.44
01/08/1998,VIVA FOREVER,SPICE GIRLS,2,12,5.10
15/08/1998,NO MATTER WHAT,BOYZONE,3,14,4.34
05/09/1998,IF YOU TOLERATE THIS YOUR CHILDREN WILL BE NEXT,MANIC STREET PREACHERS,1,47,4.50
12/09/1998,BOOTIE CALL,ALL SAINTS,1,11,3.35
19/09/1998,MILLENNIUM,ROBBIE WILLIAMS,1,10,4.08
26/09/1998,I WANT YOU BACK,MELANIE B FT. MISSY 'MISDEMEANOR' ELLIOTT,1,15,3.26
03/10/1998,ROLLERCOASTER,B*WITCHED,2,13,3.23
17/10/1998,GIRLFRIEND,BILLIE,1,10,3.52
24/10/1998,GYM AND TONIC,SPACEDUST,1,13,3.20
31/10/1998,BELIEVE,CHER,7,7,3.59
19/12/1998,TO YOU I BELONG,B*WITCHED,1,15,3.04
26/12/1998,GOODBYE,SPICE GIRLS,1,7,4.23
02/01/1999,CHOCOLATE SALTY BALLS (PS I LOVE YOU),CHEF,1,37,3.58
09/01/1999,HEARTBEAT/TRAGEDY,STEPS,1,17,4.30
16/01/1999,PRAISE YOU,FATBOY SLIM,1,10,3.47
23/01/1999,A LITTLE BIT MORE,911,1,17,3.48
30/01/1999,PRETTY FLY (FOR A WHITE GUY),OFFSPRING,1,28,3.08
06/02/1999,YOU DON'T KNOW ME,ARMAND VAN HELDEN FT. DUANE HAEDEN,1,17,3.20
13/02/1999,MARIA,BLONDIE,1,5,4.51
20/02/1999,FLY AWAY,LENNY KRAVITZ,1,8,3.41
27/02/1999,BABY ONE MORE TIME,BRITNEY SPEARS,2,18,3.31
13/03/1999,WHEN THE GOING GETS TOUGH,BOYZONE,2,25,3.36
27/03/1999,BLAME IT ON THE WEATHERMAN,B*WITCHED,1,26,3.33
03/04/1999,FLAT BEAT,MR OIZO,2,9,5.16
17/04/1999,PERFECT MOMENT,MARTINE MCCUTCHEON,2,14,3.52
01/05/1999,SWEAR IT AGAIN,WESTLIFE,2,14,4.07
15/05/1999,I WANT IT THAT WAY,BACKSTREET BOYS,1,18,3.33
22/05/1999,YOU NEEDED ME,BOYZONE,1,13,3.28
29/05/1999,SWEET LIKE CHOCOLATE,SHANKS & BIGFOOT,2,20,3.31
12/06/1999,EVERYBODY'S FREE (TO WEAR SUNSCREEN),BAZ LUHRMANN,1,36,5.09
19/06/1999,BRING IT ALL BACK,S CLUB 7,1,17,3.34
26/06/1999,BOOM BOOM BOOM BOOM!!,VENGABOYS,1,21,3.21
03/07/1999,9PM (TILL I COME),ATB,2,17,3.13
17/07/1999,LIVIN' LA VIDA LOCA,RICKY MARTIN,3,19,4.03
07/08/1999,WHEN YOU SAY NOTHING AT ALL,RONAN KEATING,2,27,4.16
21/08/1999,IF I LET YOU GO,WESTLIFE,1,15,3.41
28/08/1999,MI CHICO LATINO,GERI HALLIWELL,1,15,3.13
04/09/1999,MAMBO NO 5 (A LITTLE BIT OF…),LOU BEGA,2,29,3.40
18/09/1999,WE'RE GOING TO IBIZA!,VENGABOYS,1,21,3.36
25/09/1999,BLUE (DA BA DEE),EIFFEL 65,3,16,4.43
16/10/1999,GENIE IN A BOTTLE,CHRISTINA AGUILERA,2,17,3.37
30/10/1999,FLYING WITHOUT WINGS,WESTLIFE,1,20,3.35
06/11/1999,KEEP ON MOVIN',FIVE,1,14,3.17
13/11/1999,LIFT ME UP,GERI HALLIWELL,1,10,3.51
20/11/1999,SHE'S THE ONE/IT'S ONLY US,ROBBIE WILLIAMS,1,26,4.18
27/11/1999,KING OF MY CASTLE,WAMDUE PROJECT,1,17,3.26
04/12/1999,MILLENNIUM PRAYER,CLIFF RICHARD,3,17,4.41
25/12/1999,I HAVE A DREAM/SEASONS IN THE SUN,WESTLIFE,4,33,4.13
22/01/2000,THE MASSES AGAINST THE CLASSES,MANIC STREET PREACHERS,1,30,3.22
29/01/2000,BORN TO MAKE YOU HAPPY,BRITNEY SPEARS,1,22,4.03
05/02/2000,RISE,GABRIELLE,2,4,3.38
19/02/2000,GO LET IT OUT,OASIS,1,13,4.40
26/02/2000,PURE SHORES,ALL SAINTS,2,11,4.28
11/03/2000,AMERICAN PIE,MADONNA,1,12,4.33
18/03/2000,DON'T GIVE UP,CHICANE FT. BRYAN ADAMS,1,13,3.30
25/03/2000,BAG IT UP,GERI HALLIWELL,1,9,3.45
01/04/2000,NEVER BE THE SAME AGAIN,MELANIE C & LISA 'LEFT EYE' LOPES,1,23,4.14
08/04/2000,FOOL AGAIN,WESTLIFE,1,10,3.55
15/04/2000,FILL ME IN,CRAIG DAVID,1,10,3.51
22/04/2000,TOCA'S MIRACLE,FRAGMA,2,14,3.22
06/05/2000,BOUND 4 DA RELOAD (CASUALTY),OXIDE & NEUTRINO,1,28,4.52
13/05/2000,OOPS!... I DID IT AGAIN,BRITNEY SPEARS,1,23,3.31
20/05/2000,DON'T CALL ME BABY,MADISON AVENUE,1,18,3.48
27/05/2000,DAY & NIGHT,BILLIE PIPER,1,11,3.17
03/06/2000,IT FEELS SO GOOD,SONIQUE,3,16,2.42
24/06/2000,YOU SEE THE TROUBLE WITH ME,BLACK LEGEND,1,27,4.54
01/07/2000,SPINNING AROUND,KYLIE MINOGUE,1,15,3.26
08/07/2000,THE REAL SLIM SHADY,EMINEM,1,19,4.44
15/07/2000,BREATHLESS,CORRS,1,10,3.27
22/07/2000,LIFE IS A ROLLERCOASTER,RONAN KEATING,1,23,3.54
29/07/2000,WE WILL ROCK YOU,FIVE & QUEEN,1,16,3.09
05/08/2000,7 DAYS,CRAIG DAVID,1,6,3.55
12/08/2000,ROCK DJ,ROBBIE WILLIAMS,1,7,4.18
19/08/2000,I TURN TO YOU,MELANIE C,1,13,4.12
26/08/2000,GROOVEJET (IF THIS AIN'T LOVE),SPILLER,1,30,3.59
02/09/2000,MUSIC,MADONNA,1,5,3.45
09/09/2000,TAKE ON ME,A1,1,10,3.32
16/09/2000,LADY (HEAR ME TONIGHT),MODJO,2,22,3.38
30/09/2000,AGAINST ALL ODDS,MARIAH CAREY FT. WESTLIFE,2,16,3.20
14/10/2000,BLACK COFFEE,ALL SAINTS,1,12,4.49
21/10/2000,BEAUTIFUL DAY,U2,1,13,4.08
28/10/2000,STOMP,STEPS,1,5,3.20
04/11/2000,HOLLER/LET LOVE LEAD THE WAY,SPICE GIRLS,1,28,4.15
11/11/2000,MY LOVE,WESTLIFE,1,7,3.51
18/11/2000,SAME OLD BRAND NEW YOU,A1,1,22,4.14
25/11/2000,CAN'T FIGHT THE MOONLIGHT,LEANN RIMES,1,25,3.35
02/12/2000,INDEPENDENT WOMEN PART 1,DESTINY'S CHILD,1,24,3.41
09/12/2000,NEVER HAD A DREAM COME TRUE,S CLUB 7,1,27,4.00
16/12/2000,STAN,EMINEM,1,4,6.44
23/12/2000,CAN WE FIX IT,BOB THE BUILDER,3,13,3.07
13/01/2001,TOUCH ME,RUI DA SILVA FT. CASSANDRA,1,8,8.35
20/01/2001,LOVE DON'T COST A THING,JENNIFER LOPEZ,1,23,3.42
27/01/2001,ROLLIN',LIMP BIZKIT,2,7,3.33
10/02/2001,WHOLE AGAIN,ATOMIC KITTEN,4,11,3.05
10/03/2001,IT WASN'T ME,SHAGGY,1,12,3.47
17/03/2001,UPTOWN GIRL,WESTLIFE,1,11,3.05
24/03/2001,PURE AND SIMPLE,HEAR'SAY,3,15,3.46
14/04/2001,WHAT TOOK YOU SO LONG,EMMA BUNTON,2,21,4.01
28/04/2001,SURVIVOR,DESTINY'S CHILD,1,8,4.14
05/05/2001,DON'T STOP MOVIN',S CLUB 7,1,17,3.53
12/05/2001,IT'S RAINING MEN,GERI HALLIWELL,2,16,4.14
26/05/2001,DON'T STOP MOVIN',S CLUB 7,1,17,3.53
02/06/2001,DO YOU REALLY LIKE IT,DJ PIED PIPER & THE MASTERS OF CEREMONIES,1,21,3.57
09/06/2001,ANGEL,SHAGGY FT. RAYVON,3,5,3.55
30/06/2001,LADY MARMALADE,CHRISTINA AGUILERA/LIL' KIM/MYA/PINK,1,14,4.24
07/07/2001,THE WAY TO YOUR LOVE,HEAR'SAY,1,20,3.15
14/07/2001,ANOTHER CHANCE,ROGER SANCHEZ,1,14,3.26
21/07/2001,ETERNITY/THE ROAD TO MANDALAY,ROBBIE WILLIAMS,2,29,5.02
04/08/2001,ETERNAL FLAME,ATOMIC KITTEN,2,13,3.13
18/08/2001,21 SECONDS,SO SOLID CREW,1,10,5.02
25/08/2001,LET'S DANCE,FIVE,2,11,3.38
08/09/2001,TOO CLOSE,BLUE,1,9,3.46
15/09/2001,MAMBO NO 5,BOB THE BUILDER,1,10,3.40
22/09/2001,HEY BABY,DJ OTZI,1,8,3.40
29/09/2001,CAN'T GET YOU OUT OF MY HEAD,KYLIE MINOGUE,4,28,3.50
27/10/2001,BECAUSE I GOT HIGH,AFROMAN,3,18,3.17
17/11/2001,QUEEN OF MY HEART,WESTLIFE,1,17,4.19
24/11/2001,IF YOU COME BACK,BLUE,1,16,3.28
01/12/2001,HAVE YOU EVER,S CLUB 7,1,13,3.21
08/12/2001,GOTTA GET THRU THIS,DANIEL BEDINGFIELD,2,19,2.42
22/12/2001,SOMETHIN' STUPID,ROBBIE WILLIAMS & NICOLE KIDMAN,3,16,2.50
12/01/2002,GOTTA GET THRU THIS,DANIEL BEDINGFIELD,1,19,2.42
19/01/2002,MORE THAN A WOMAN,AALIYAH,1,17,3.50
26/01/2002,MY SWEET LORD,GEORGE HARRISON,1,13,4.41
02/02/2002,HERO,ENRIQUE IGLESIAS,4,4,4.24
02/03/2002,WORLD OF OUR OWN,WESTLIFE,1,16,3.31
09/03/2002,ANYTHING IS POSSIBLE/ EVERGREEN,WILL YOUNG,3,31,3.42
30/03/2002,UNCHAINED MELODY,GARETH GATES,4,16,3.53
27/04/2002,THE HINDU TIMES,OASIS,1,15,3.48
04/05/2002,FREAK LIKE ME,SUGABABES,1,13,3.15
11/05/2002,KISS KISS,HOLLY VALANCE,1,9,3.24
18/05/2002,IF TOMORROW NEVER COMES,RONAN KEATING,1,23,3.34
25/05/2002,JUST A LITTLE,LIBERTY X,1,13,3.56
01/06/2002,WITHOUT ME,EMINEM,1,10,4.50
08/06/2002,LIGHT MY FIRE,WILL YOUNG,2,13,3.29
22/06/2002,A LITTLE LESS CONVERSATION,ELVIS VS JXL,4,26,3.33
20/07/2002,ANYONE OF US (STUPID MISTAKE),GARETH GATES,3,29,3.47
10/08/2002,COLOURBLIND,DARIUS,2,11,3.35
24/08/2002,ROUND ROUND,SUGABABES,1,11,3.56
31/08/2002,CROSSROADS,BLAZIN' SQUAD,1,10,3.08
07/09/2002,THE TIDE IS HIGH (GET THE FEELING),ATOMIC KITTEN,3,34,3.25
28/09/2002,JUST LIKE A PILL,PINK,1,16,3.57
05/10/2002,THE LONG AND WINDING ROAD/SUSPICIOUS MINDS,WILL YOUNG & GARETH GATES/GARETH GATES,2,42,3.29
19/10/2002,THE KETCHUP SONG (ASEREJE),LAS KETCHUP,1,26,3.33
26/10/2002,DILEMMA,NELLY FT. KELLY ROWLAND,2,7,4.49
09/11/2002,HEAVEN,DJ SAMMY & YANOU FT. DO,1,6,3.54
16/11/2002,UNBREAKABLE,WESTLIFE,1,11,4.32
23/11/2002,DIRRTY,CHRISTINA AGUILERA FT. REDMAN,2,6,4.58
07/12/2002,IF YOU'RE NOT THE ONE,DANIEL BEDINGFIELD,1,21,4.17
14/12/2002,LOSE YOURSELF,EMINEM,1,13,5.20
21/12/2002,SORRY SEEMS TO BE THE HARDEST WORD,BLUE FT. ELTON JOHN,1,34,3.41
28/12/2002,SOUND OF THE UNDERGROUND,GIRLS ALOUD,4,24,3.41
25/01/2003,STOP LIVING THE LIE,DAVID SNEDDON,2,19,3.55
08/02/2003,ALL THE THINGS SHE SAID,t.A.T.u.,4,23,3.34
08/03/2003,BEAUTIFUL,CHRISTINA AGUILERA,2,9,3.58
22/03/2003,SPIRIT IN THE SKY,GARETH GATES FT. THE KUMARS,2,17,3.26
05/04/2003,MAKE LUV,ROOM 5 FT. OLIVER CHEATHAM,4,8,3.32
03/05/2003,YOU SAID NO,BUSTED,1,11,2.47
10/05/2003,LONELINESS,TOMCRAFT,1,10,3.48
17/05/2003,IGNITION,R KELLY,4,8,3.16
14/06/2003,BRING ME TO LIFE,EVANESCENCE,4,16,3.55
12/07/2003,CRAZY IN LOVE,BEYONCE,3,13,3.56
02/08/2003,NEVER GONNA LEAVE YOUR SIDE,DANIEL BEDINGFIELD,1,27,3.53
09/08/2003,BREATHE,BLU CANTRELL FT. SEAN PAUL,4,7,3.48
06/09/2003,ARE YOU READY FOR LOVE,ELTON JOHN,1,22,3.32
13/09/2003,WHERE IS THE LOVE,BLACK EYED PEAS,6,17,4.32
25/10/2003,HOLE IN THE HEAD,SUGABABES,1,16,3.38
01/11/2003,BE FAITHFUL,FATMAN SCOOP FT. THE CROOKLYN CLAN,2,11,2.45
15/11/2003,SLOW,KYLIE MINOGUE,1,4,3.13
22/11/2003,CRASHED THE WEDDING,BUSTED,1,19,2.38
29/11/2003,MANDY,WESTLIFE,1,5,3.19
06/12/2003,LEAVE RIGHT NOW,WILL YOUNG,2,15,3.33
20/12/2003,CHANGES,OZZY & KELLY OSBOURNE,1,7,4.07
27/12/2003,MAD WORLD,MICHAEL ANDREWS FT. GARY JULES,3,9,3.09
17/01/2004,ALL THIS TIME,MICHELLE,3,13,4.22
07/02/2004,TAKE ME TO THE CLOUDS ABOVE,LMC V U2,2,27,2.51
21/02/2004,WITH A LITTLE HELP FROM MY FRIENDS/MEASURE OF A MAN,SAM & MARK,1,51,4.07
28/02/2004,WHO'S DAVID,BUSTED,1,11,3.30
06/03/2004,MYSTERIOUS GIRL,PETER ANDRE FT. BUBBLER RANX,1,15,3.37
13/03/2004,TOXIC,BRITNEY SPEARS,1,5,3.18
20/03/2004,CHA CHA SLIDE,DJ CASPER,1,13,3.42
27/03/2004,YEAH,USHER FT. LIL' JON & LUDACRIS,2,4,4.10
10/04/2004,FIVE COLOURS IN HER HAIR,McFLY,2,24,2.57
24/04/2004,F**K IT (I DON'T WANT YOU BACK),EAMON,4,31,3.44
22/05/2004,F.U.R.B (F U RIGHT BACK),FRANKEE,3,24,3.18
12/06/2004,I DON'T WANNA KNOW,MARIO WINANS FT. ENYA & P.DIDDY,2,18,4.17
26/06/2004,EVERYTIME,BRITNEY SPEARS,1,9,3.50
03/07/2004,OBVIOUSLY,McFLY,1,9,3.18
10/07/2004,BURN,USHER,2,4,3.51
24/07/2004,LOLA'S THEME,SHAPESHIFTERS,1,12,5.36
31/07/2004,DRY YOUR EYES,STREETS,1,13,4.29
07/08/2004,THUNDERBIRDS/3AM,BUSTED,2,16,3.09
21/08/2004,BABYCAKES,3 OF A KIND,1,9,2.34
28/08/2004,THESE WORDS,NATASHA BEDINGFIELD,2,11,3.36
11/09/2004,MY PLACE/FLAP YOUR WINGS,NELLY,1,24,4.32
18/09/2004,REAL TO ME,BRIAN McFADDEN,1,10,3.45
25/09/2004,CALL ON ME,ERIC PRYDZ,3,10,2.51
16/10/2004,RADIO,ROBBIE WILLIAMS,1,5,3.51
23/10/2004,CALL ON ME,ERIC PRYDZ,2,10,2.51
06/11/2004,WONDERFUL,JA RULE FT. R.KELLY & ASHANTI,1,9,4.30
13/11/2004,JUST LOSE IT,EMINEM,1,12,4.08
20/11/2004,VERTIGO,U2,1,7,3.13
27/11/2004,I'LL STAND BY YOU,GIRLS ALOUD,2,17,3.43
11/12/2004,DO THEY KNOW IT'S CHRISTMAS?,BAND AID 20,4,28,5.05
08/01/2005,AGAINST ALL ODDS,STEVE BROOKSTEIN,1,16,3.14
15/01/2005,JAILHOUSE ROCK,ELVIS PRESLEY,1,14,2.35
22/01/2005,ONE NIGHT/I GOT STUNG,ELVIS PRESLEY,1,21,2.32
29/01/2005,GOODIES,CIARA FT. PETEY PABLO,1,7,3.43
05/02/2005,IT'S NOW OR NEVER **,ELVIS PRESLEY,1,20,3.14
12/02/2005,LIKE TOY SOLDIERS,EMINEM,1,17,4.56
19/02/2005,SOMETIMES YOU CAN'T MAKE IT ON YOUR OWN,U2,1,39,5.05
26/02/2005,GET RIGHT,JENNIFER LOPEZ,1,9,3.45
05/03/2005,OVER AND OVER,NELLY FT. TIM MCGRAW,1,13,4.13
12/03/2005,DAKOTA,STEREOPHONICS,1,6,4.57
19/03/2005,ALL ABOUT YOU/YOU'VE GOT A FRIEND,MCFLY,1,33,3.06
26/03/2005,(IS THIS THE WAY TO) AMARILLO?,TONY CHRISTIE FT. PETER KAY,7,30,3.13
14/05/2005,LONELY,AKON,2,6,3.55
28/05/2005,LYLA,OASIS,1,4,5.10
04/06/2005,AXEL F,CRAZY FROG,4,6,2.48
02/07/2005,GHETTO GOSPEL,2PAC FT. ELTON JOHN,3,13,3.58
23/07/2005,YOU'RE BEAUTIFUL,JAMES BLUNT,5,16,3.29
27/08/2005,I'LL BE OK,McFLY,1,10,3.24
03/09/2005,THE IMPORTANCE OF BEING IDLE,OASIS,1,28,3.39
10/09/2005,DARE,GORILLAZ,1,4,4.04
17/09/2005,DON'T CHA,PUSSYCAT DOLLS FT. BUSTA RHYMES,3,9,4.32
08/10/2005,PUSH THE BUTTON,SUGABABES,3,15,3.37
29/10/2005,I BET YOU LOOK GOOD ON THE DANCEFLOOR,ARCTIC MONKEYS,1,37,2.53
12/11/2005,YOU RAISE ME UP,WESTLIFE,2,15,4.01
19/11/2005,HUNG UP,MADONNA,3,7,5.37
10/12/2005,STICKWITU,PUSSYCAT DOLLS,2,9,3.27
24/12/2005,JCB SONG,NIZLOPI,1,8,3.48
31/12/2005,THAT'S MY GOAL,SHAYNE WARD,4,14,3.38
28/01/2006,WHEN THE SUN GOES DOWN,ARCTIC MONKEYS,1,22,3.22
04/02/2006,NASTY GIRL,"NOTORIOUS BIG FT. DIDDY, NELLY, JAGGED EDGE & AVERY STORM",2,10,4.46
18/02/2006,THUNDER IN MY HEART AGAIN,MECK FT. LEO SAYER,2,25,3.09
04/03/2006,SORRY,MADONNA,1,5,4.41
11/03/2006,IT'S CHICO TIME,CHICO,2,15,2.49
25/03/2006,NO TOMORROW,ORSON,1,11,2.47
01/04/2006,SO SICK,NE-YO,1,7,3.27
08/04/2006,CRAZY,GNARLS BARKLEY,9,5,2.57
10/06/2006,I WISH I WAS A PUNK ROCKER (WITH FLOWERS IN MY HAIR),SANDI THOM,1,52,2.31
17/06/2006,MANEATER,NELLY FURTADO,3,8,4.18
08/07/2006,HIPS DON'T LIE,SHAKIRA FT. WYCLEF JEAN,1,14,3.38
15/07/2006,SMILE,LILY ALLEN,2,5,3.16
29/07/2006,"DON'T STOP ME NOW/PLEASE, PLEASE",McFLY,1,32,3.24
05/08/2006,HIPS DON'T LIE,SHAKIRA FT. WYCLEF JEAN,4,14,3.38
02/09/2006,DÉJÀ VU,BEYONCE FT. JAY-Z,1,7,4.00
09/09/2006,SEXYBACK,JUSTIN TIMBERLAKE,1,8,4.02
16/09/2006,I DON'T FEEL LIKE DANCIN',SCISSOR SISTERS,4,25,4.08
14/10/2006,AMERICA,RAZORLIGHT,1,7,4.09
21/10/2006,WELCOME TO THE BLACK PARADE,MY CHEMICAL ROMANCE,2,27,5.11
04/11/2006,STAR GIRL,McFLY,1,9,3.29
11/11/2006,PUT YOUR HANDS UP FOR DETROIT,FEDDE LE GRANDE,1,29,6.36
18/11/2006,THE ROSE,WESTLIFE,1,8,3.39
25/11/2006,SMACK THAT,AKON FT. EMINEM,1,10,3.32
02/12/2006,PATIENCE,TAKE THAT,4,8,3.22
30/12/2006,A MOMENT LIKE THIS,LEONA LEWIS,4,18,4.17
27/01/2007,GRACE KELLY,MIKA,5,11,3.07
03/03/2007,RUBY,KAISER CHIEFS,1,4,3.24
10/03/2007,SHINE,TAKE THAT,2,5,3.31
23/03/2007,WALK THIS WAY,SUGABABES VS GIRLS ALOUD,1,13,2.55
31/03/2007,I'M GONNA BE (500 MILES),THE PROCLAIMERS FT. BRIAN POTTER & ANDY PIPKIN,3,24,3.39
21/04/2007,GIVE IT TO ME,TIMBALAND FT. NELLY FURTADO & JUSTIN TIMBERLAKE,1,13,3.54
28/04/2007,BEAUTIFUL LIAR,BEYONCE & SHAKIRA,3,14,3.19
19/05/2007,BABY'S COMING BACK/TRANSYLVANIA,McFLY,1,31,2.50
26/05/2007,UMBRELLA,RIHANNA FT. JAY-Z,10,8,4.35
04/08/2007,THE WAY I ARE,TIMBALAND FT. DOE & KERI HILSON,2,13,2.59
18/08/2007,WITH EVERY HEARTBEAT,ROBYN WITH KLEERUP,1,20,4.13
25/08/2007,STRONGER,KANYE WEST,2,8,5.11
08/09/2007,BEAUTIFUL GIRLS,SEAN KINGSTON,4,15,4.01
06/10/2007,ABOUT YOU NOW,SUGABABES,4,13,3.32
03/11/2007,BLEEDING LOVE,LEONA LEWIS,7,13,4.22
22/12/2007,WHAT A WONDERFUL WORLD,EVA CASSIDY & KATIE MELUA,1,22,4.19
29/12/2007,WHEN YOU BELIEVE,LEON JACKSON,3,16,4.12
19/01/2008,NOW YOU'RE GONE,BASSHUNTER FT. DJ MENTAL THEO'S BAZZHEADZ,5,15,5.41
23/02/2008,MERCY,DUFFY,5,5,3.39
29/03/2008,AMERICAN BOY,ESTELLE FT. KANYE WEST,4,12,4.44
26/04/2008,4 MINUTES,MADONNA FT. JUSTIN TIMBERLAKE,4,9,3.09
24/05/2008,THAT'S NOT MY NAME,TING TINGS,1,18,5.10
31/05/2008,TAKE A BOW,RIHANNA,2,10,3.49
14/06/2008,SINGIN' IN THE RAIN,MINT ROYALE,2,19,3.28
28/06/2008,VIVA LA VIDA,COLDPLAY,1,12,4.01
05/07/2008,CLOSER,NE-YO,1,6,3.54
12/07/2008,DANCE WIV ME,DIZZEE RASCAL FT. CALVIN HARRIS & CHROME,4,12,3.24
09/08/2008,ALL SUMMER LONG,KID ROCK,1,15,4.56
16/08/2008,I KISSED A GIRL,KATY PERRY,5,15,2.59
20/09/2008,SEX ON FIRE,KINGS OF LEON,3,11,3.23
11/10/2008,SO WHAT,PINK,3,7,3.35
01/11/2008,THE PROMISE,GIRLS ALOUD,1,11,3.44
08/11/2008,HERO,X FACTOR FINALISTS,3,4,4.21
29/11/2008,IF I WERE A BOY,BEYONCE,1,15,4.09
06/12/2008,GREATEST DAY,TAKE THAT,1,12,3.59
13/12/2008,RUN,LEONA LEWIS,2,3,5.14
27/12/2008,HALLELUJAH,ALEXANDRA BURKE,3,10,3.37
17/01/2009,JUST DANCE,LADY GAGA,3,10,4.01
07/02/2009,THE FEAR,LILY ALLEN,4,8,3.29
07/03/2009,MY LIFE WOULD SUCK WITHOUT YOU,KELLY CLARKSON,1,30,3.31
14/03/2009,RIGHT ROUND,FLO RIDA FT. KESHA,1,11,3.22
21/03/2009,ISLANDS IN THE STREAM,VANESSA JENKINS & BRYN WEST FT. TOM JONES & ROBIN GIBB,1,21,4.12
28/03/2009,POKER FACE,LADY GAGA,3,10,3.57
18/04/2009,I'M NOT ALONE,CALVIN HARRIS,2,13,3.30
02/05/2009,NUMBER 1,TINCHY STRYDER FT. N-DUBZ,3,8,3.32
23/05/2009,BOOM BOOM POW,BLACK EYED PEAS,1,13,4.11
30/05/2009,BONKERS,DIZZEE RASCAL FT. ARMAND VAN HELDEN,2,7,2.57
13/06/2009,BOOM BOOM POW,BLACK EYED PEAS,1,13,4.11
20/06/2009,MAMA DO,PIXIE LOTT,1,7,3.16
27/06/2009,WHEN LOVE TAKES OVER,DAVID GUETTA FT. KELLY ROWLAND,1,20,3.11
04/07/2009,BULLETPROOF,LA ROUX,1,11,3.25
11/07/2009,EVACUATE THE DANCEFLOOR,CASCADA,2,23,3.27
25/07/2009,BEAT AGAIN,JLS,2,10,3.19
08/08/2009,I GOTTA FEELING,BLACK EYED PEAS,1,15,4.49
15/08/2009,NEVER LEAVE YOU,TINCHY STRYDER FT. AMELLE BERRABAH,1,15,3.30
22/08/2009,I GOTTA FEELING,BLACK EYED PEAS,1,15,4.49
29/08/2009,SEXY CHICK,DAVID GUETTA FT. AKON,1,10,3.14
05/09/2009,HOLIDAY,DIZZEE RASCAL FT. CHROME,1,7,3.40
12/09/2009,RUN THIS TOWN,JAY-Z FT. RIHANNA & KANYE WEST,1,13,4.27
19/09/2009,BOYS AND GIRLS,PIXIE LOTT,1,14,3.02
26/09/2009,BREAK YOUR HEART,TAIO CRUZ,3,16,3.23
17/10/2009,OOPSY DAISY,CHIPMUNK,1,11,3.38
24/10/2009,BAD BOYS,ALEXANDRA BURKE FT. FLO RIDA,1,8,3.26
31/10/2009,FIGHT FOR THIS LOVE,CHERYL COLE,2,19,3.43
14/11/2009,EVERYBODY IN LOVE,JLS,1,17,3.15
21/11/2009,MEET ME HALFWAY,BLACK EYED PEAS,1,15,4.44
28/11/2009,YOU ARE NOT ALONE,X FACTOR FINALISTS 2009,1,17,4.09
05/12/2009,THE OFFICIAL BBC CHILDREN IN NEED MEDLEY,PETER KAY'S ANIMATED ALL STAR,2,40,4.30
19/12/2009,BAD ROMANCE,LADY GAGA,1,11,4.54
26/12/2009,KILLING IN THE NAME,RAGE AGAINST THE MACHINE,1,19,5.13
02/01/2010,THE CLIMB,JOE McELDERRY,1,9,3.36
09/01/2010,BAD ROMANCE,LADY GAGA,1,11,4.54
16/01/2010,REPLAY,IYAZ,2,6,3.02
30/01/2010,FIREFLIES,OWL CITY,3,9,3.48
20/02/2010,EVERYBODY HURTS,HELPING HAITI,2,15,5.23
06/03/2010,IN MY HEAD,JASON DERULO,1,10,3.19
13/03/2010,PASS OUT,TINIE TEMPAH,2,8,4.28
27/03/2010,TELEPHONE,LADY GAGA & BEYONCE,2,9,3.40
10/04/2010,THIS AIN'T A LOVE SONG,SCOUTING FOR GIRLS,2,22,3.30
24/04/2010,OMG,USHER FT. WILL I AM,1,3,4.29
01/05/2010,ONCE,DIANA VICKERS,1,4,3.10
08/05/2010,GOOD TIMES,ROLL DEEP,3,10,3.44
29/05/2010,NOTHIN' ON YOU,B.O.B FT. BRUNO MARS,1,14,4.28
05/06/2010,DIRTEE DISCO,DIZZEE RASCAL,1,12,3.58
12/06/2010,GETTIN' OVER YOU,DAVID GUETTA FT. CHRIS WILLIS,1,16,3.02
19/06/2010,SHOUT,SHOUT FT. DIZZEE & JAMES CORDEN,2,5,3.22
03/07/2010,CALIFORNIA GURLS,KATY PERRY FT. SNOOP DOGG,2,16,3.54
17/07/2010,THE CLUB IS ALIVE,JLS,1,17,3.42
24/07/2010,AIRPLANES,B.O.B FT. HAYLEY WILLIAMS,1,9,3.00
31/07/2010,WE NO SPEAK AMERICANO,YOLANDA BE COOL VS D CUP,1,21,4.29
07/08/2010,ALL TIME LOW,WANTED,1,12,3.25
14/08/2010,BEAUTIFUL MONSTER,NEYO,1,17,4.11
21/08/2010,CLUB CAN'T HANDLE ME,FLO RIDA FT. DAVID GUETTA,1,20,3.54
28/08/2010,GREEN LIGHT,ROLL DEEP,1,11,3.57
04/09/2010,DYNAMITE,TAIO CRUZ,1,8,3.23
11/09/2010,PLEASE DON'T LET ME GO,OLLY MURS,1,22,3.24
18/09/2010,START WITHOUT YOU,ALEXANDRA BURKE FT. LAZA MORGAN,2,17,3.33
02/10/2010,JUST THE WAY YOU ARE (AMAZING),BRUNO MARS,1,30,3.40
09/10/2010,WRITTEN IN THE STARS,TINIE TEMPAH,1,20,3.27
16/10/2010,FORGET YOU,CEE LO GREEN,2,10,3.42
30/10/2010,JUST THE WAY YOU ARE (AMAZING),BRUNO MARS,1,30,3.41
06/11/2010,PROMISE THIS,CHERYL COLE,1,12,3.22
13/11/2010,ONLY GIRL (IN THE WORLD),RIHANNA,2,24,3.55
27/11/2010,LOVE YOU MORE,JLS,1,13,3.47
04/12/2010,HEROES,X FACTOR FINALISTS 2010,2,6,4.21
18/12/2010,THE TIME (DIRTY BIT),BLACK EYED PEAS,1,20,5.07
25/12/2010,WHEN WE COLLIDE,MATT CARDLE,3,15,3.43
15/01/2011,WHAT'S MY NAME,RIHANNA FT. DRAKE,1,14,4.23
22/01/2011,GRENADE,BRUNO MARS,2,7,3.43
05/02/2011,WE R WHO WE R,KESHA,1,13,3.24
12/02/2011,PRICE TAG,JESSIE J FT. B.O.B,2,9,3.41
26/02/2011,SOMEONE LIKE YOU,ADELE,4,16,4.45
26/03/2011,DON'T HOLD YOUR BREATH,NICOLE SCHERZINGER,1,22,3.17
02/04/2011,SOMEONE LIKE YOU,ADELE,1,16,4.45
09/04/2011,ON THE FLOOR,JENNIFER LOPEZ FT. PITBULL,2,12,3.50
23/04/2011,PARTY ROCK ANTHEM,LMFAO/LAUREN BENNETT/GOONROCK,4,17,4.22
21/05/2011,THE LAZY SONG,BRUNO MARS,1,13,3.10
28/05/2011,GIVE ME EVERYTHING,PITBULL/NE-YO/AFROJACK/NAYER,3,18,4.12
18/06/2011,CHANGED THE WAY YOU KISS ME,EXAMPLE,2,27,3.15
02/07/2011,DON'T WANNA GO HOME,JASON DERULO,2,19,3.25
16/07/2011,LOUDER,DJ FRESH FT. SIAN EVANS,1,6,3.26
23/07/2011,GLAD YOU CAME,WANTED,2,13,3.17
06/08/2011,SHE MAKES ME WANNA,JLS FT. DEV,1,18,3.39
13/08/2011,SWAGGER JAGGER,CHER LLOYD,1,14,3.12
20/08/2011,PROMISES,NERO,1,8,4.17
27/08/2011,DON'T GO,WRETCH 32 FT. JOSH KUMRA,1,8,3.57
03/09/2011,HEART SKIPS A BEAT,OLLY MURS FT. RIZZLE KICKS,1,18,3.22
10/09/2011,STAY AWAKE,EXAMPLE,1,10,3.24
17/09/2011,ALL ABOUT TONIGHT,PIXIE LOTT,1,17,3.06
24/09/2011,WHAT MAKES YOU BEAUTIFUL,ONE DIRECTION,1,24,3.19
01/10/2011,NO REGRETS,DAPPY,1,10,4.00
08/10/2011,LOCA PEOPLE,SAK NOEL,1,11,5.40
15/10/2011,WE FOUND LOVE,RIHANNA FT. CALVIN HARRIS,3,13,3.35
05/11/2011,READ ALL ABOUT IT,PROFESSOR GREEN FT EMELI SANDE,2,17,3.55
19/11/2011,WE FOUND LOVE,RIHANNA FT. CALVIN HARRIS,3,13,3.35
10/12/2011,WISHING ON A STAR,X FACTOR FINALISTS 2011,1,17,4.52
17/12/2011,DANCE WITH ME TONIGHT,OLLY MURS,1,21,3.22
24/12/2011,CANNONBALL,LITTLE MIX,1,10,3.25
31/12/2011,WHEREVER YOU ARE,MILITARY WIVES/GARETH MALONE,1,16,2.51
07/01/2012,PARADISE,COLDPLAY,1,8,4.38
14/01/2012,GOOD FEELING,FLO RIDA,1,12,4.08
21/01/2012,DOMINO,JESSIE J,2,6,3.51
04/02/2012,TWILIGHT,COVER DRIVE,1,8,3.27
11/02/2012,TITANIUM,DAVID GUETTA FT. SIA,1,8,4.05
18/02/2012,SOMEBODY THAT I USED TO KNOW,GOTYE FT. KIMBRA,1,28,4.04
25/02/2012,HOT RIGHT NOW,DJ FRESH FT. RITA ORA,1,13,3.02
03/03/2012,SOMEBODY THAT I USED TO KNOW,GOTYE FT. KIMBRA,4,28,4.04
31/03/2012,PART OF ME,KATY PERRY,1,10,3.36
07/04/2012,TURN UP THE MUSIC,CHRIS BROWN,1,17,3.47
14/04/2012,CALL ME MAYBE,CARLY RAE JEPSEN,4,13,3.13
12/05/2012,YOUNG,TULISA,1,5,3.35
19/05/2012,R.I.P.,RITA ORA FT. TINIE TEMPAH,2,6,3.48
02/06/2012,WE ARE YOUNG,FUN FT. JANELLE MONAE,1,12,4.10
09/06/2012,FEEL THE LOVE,RUDIMENTAL FT. JOHN NEWMAN,1,13,4.05
16/06/2012,SING,GARY BARLOW/ COMMONWEALTH BAND,1,4,4.00
23/06/2012,CALL MY NAME,CHERYL,1,12,3.27
30/06/2012,PAYPHONE,MAROON 5 FT. WIZ KHALIFA,1,8,3.51
07/07/2012,THIS IS LOVE,WILL I AM FT. EVA SIMONS,1,12,4.07
14/07/2012,PAYPHONE,MAROON 5 FT. WIZ KHALIFA,2,8,3.51
04/08/2012,SPECTRUM,FLORENCE & THE MACHINE,3,8,5.11
18/08/2012,HEATWAVE,WILEY FT. MS D,2,8,3.15
25/08/2012,HOW WE DO (PARTY),RITA ORA,1,17,4.06
01/09/2012,BOM BOM,SAM & THE WOMP,1,7,2.54
08/09/2012,WINGS,LITTLE MIX,1,5,3.40
15/09/2012,LET ME LOVE YOU (UNTIL YOU LEARN TO LOVE),NE-YO,1,41,4.11
22/09/2012,HALL OF FAME,SCRIPT FT. WILL I AM,2,12,3.22
06/10/2012,GANGNAM STYLE,PSY,1,13,3.39
13/10/2012,DIAMONDS,RIHANNA,1,8,3.45
20/10/2012,DON'T YOU WORRY CHILD,SWEDISH HOUSE MAFIA/MARTIN,1,21,3.32
27/10/2012,SWEET NOTHING,CALVIN HARRIS/FLORENCE WELCH,1,13,3.32
03/11/2012,BENEATH YOUR BEAUTIFUL,LABRINTH FT. EMELI SANDE,1,22,4.31
10/11/2012,CANDY,ROBBIE WILLIAMS,2,5,3.21
24/11/2012,LITTLE THINGS,ONE DIRECTION,1,13,3.39
01/12/2012,TROUBLEMAKER,OLLY MURS FT. FLO RIDA,2,12,3.05
08/12/2012,THE POWER OF LOVE,GABRIELLE APLIN,1,17,4.05
15/12/2012,IMPOSSIBLE,JAMES ARTHUR,1,10,3.29
22/12/2012,HE AIN'T HEAVY HE'S MY BROTHER,JUSTICE COLLECTIVE,1,30,4.33
29/12/2012,IMPOSSIBLE,JAMES ARTHUR,3,10,3.29
19/01/2013,SCREAM & SHOUT,WILL I AM FT. BRITNEY SPEARS,2,14,4.43
02/02/2013,GET UP (RATTLE),BINGO PLAYERS FT. FAR EAST MOVEMENT,2,15,2.36
16/02/2013,THRIFT SHOP,MACKLEMORE/RYAN LEWIS/WANZ,1,11,3.55
23/02/2013,I COULD BE THE ONE,AVICII VS NICKY ROMERO,1,18,3.28
02/03/2013,ONE WAY OR ANOTHER (TEENAGE KICKS),ONE DIRECTION,1,34,2.37
09/03/2013,MIRRORS,JUSTIN TIMBERLAKE,3,7,8.04
30/03/2013,WHAT ABOUT US,SATURDAYS FT. SEAN PAUL,1,13,3.40
06/04/2013,LET'S GET READY TO RHUMBLE,PJ & DUNCAN,1,26,3.49
13/04/2013,NEED U (100 PERCENT),DUKE DUMONT FT. AME,2,20,2.51
27/04/2013,WAITING ALL NIGHT,RUDIMENTAL FT. ELLA EYRE,1,17,4.52
04/05/2013,GET LUCKY,DAFT PUNK FT. PHARRELL WILLIAMS,4,9,4.08
01/06/2013,LA LA LA,NAUGHTY BOY FT. SAM SMITH,1,8,3.42
08/06/2013,BLURRED LINES,ROBIN THICKE/TI/PHARRELL,4,13,4.23
06/07/2013,I LOVE IT,ICONA POP FT. CHARLI XCX,1,9,2.35
13/07/2013,LOVE ME AGAIN,JOHN NEWMAN,1,13,3.59
20/07/2013,BLURRED LINES,ROBIN THICKE/TI/PHARRELL,1,13,4.23
27/07/2013,WAKE ME UP,AVICII,3,10,7.05
17/08/2013,WE CAN'T STOP,MILEY CYRUS,1,13,3.51
24/08/2013,BURN,ELLIE GOULDING,3,4,3.51
14/09/2013,ROAR,KATY PERRY,2,4,3.43
28/09/2013,TALK DIRTY,JASON DERULO FT. 2 CHAINZ,2,10,2.57
12/10/2013,COUNTING STARS,ONEREPUBLIC,1,14,4.17
19/10/2013,WRECKING BALL,MILEY CYRUS,1,13,3.41
26/10/2013,COUNTING STARS,ONEREPUBLIC,1,14,4.17
02/11/2013,ROYALS,LORDE,1,6,3.10
09/11/2013,THE MONSTER,EMINEM FT. RIHANNA,1,11,4.10
16/11/2013,LOOK RIGHT THROUGH,STORM QUEEN,1,18,2.28
23/11/2013,ANIMALS,MARTIN GARRIX,1,7,5.04
30/11/2013,SOMEWHERE ONLY WE KNOW,LILY ALLEN,1,22,3.28
07/12/2013,UNDER CONTROL,CALVIN HARRIS/ALESSO/HURTS,1,13,3.04
14/12/2013,SOMEWHERE ONLY WE KNOW,LILY ALLEN,2,22,3.28
28/12/2013,SKYSCRAPER,SAM BAILEY,1,10,3.40
04/01/2014,HAPPY,PHARRELL WILLIAMS,1,5,3.52
11/01/2014,TIMBER,PITBULL FT. KESHA,1,6,3.24
18/01/2014,HAPPY,PHARRELL WILLIAMS,2,5,3.52
01/02/2014,RATHER BE,CLEAN BANDIT FT. JESS GLYNNE,4,9,3.47
01/03/2014,MONEY ON MY MIND,SAM SMITH,1,16,3.12
08/03/2014,HAPPY,PHARRELL WILLIAMS,1,5,3.52
15/03/2014,MY LOVE,ROUTE 94 FT. JESS GLYNNE,1,7,4.19
22/03/2014,TSUNAMI (JUMP),DVBBS & BORGEOUS/TINIE TEMPAH,1,14,2.39
29/03/2014,I GOT U,DUKE DUMONT FT. JAX JONES,1,7,4.45
05/04/2014,SHE LOOKS SO PERFECT,5 SECONDS OF SUMMER,1,20,3.22
12/04/2014,THE MAN,ALOE BLACC,1,7,4.15
19/04/2014,NOBODY TO LOVE,SIGMA,1,14,4.12
26/04/2014,HIDEAWAY,KIESZA,1,8,4.11
03/05/2014,WAVES,MR PROBZ,1,5,3.28
10/05/2014,SUMMER,CALVIN HARRIS,1,6,3.42
17/05/2014,WAVES,MR PROBZ,1,5,3.28
24/05/2014,I WILL NEVER LET YOU DOWN,RITA ORA,1,25,3.23
31/05/2014,STAY WITH ME,SAM SMITH,1,12,2.52
07/06/2014,I WANNA FEEL,SECONDCITY,1,12,3.05
14/06/2014,SING,ED SHEERAN,1,4,3.55
21/06/2014,GHOST,ELLA HENDERSON,2,5,3.33
05/07/2014,GECKO (OVERDRIVE),OLIVER HELDENS & BECKY HILL,1,17,2.45
12/07/2014,PROBLEM,ARIANA GRANDE FT. IGGY AZALEA,1,7,3.13
19/07/2014,IT'S MY BIRTHDAY,WILL I AM FT. CODY WISE,1,16,4.12
26/07/2014,ME AND MY BROKEN HEART,RIXTON,1,22,3.13
02/08/2014,CRAZY STUPID LOVE,CHERYL COLE FT. TINIE TEMPAH,1,17,3.45
09/08/2014,RUDE,MAGIC,1,4,3.44
16/08/2014,AM I WRONG,NICO & VINZ,2,10,4.06
30/08/2014,LOVERS ON THE SUN,DAVID GUETTA FT. SAM MARTIN,1,17,3.23
06/09/2014,PRAYER IN C,LILLY WOOD & ROBIN SCHULZ,2,11,3.10
20/09/2014,BLAME,CALVIN HARRIS FT. JOHN NEWMAN,1,5,3.32
27/09/2014,CHANGING,SIGMA FT. PALOMA FAITH,1,8,3.25
04/10/2014,BANG BANG,JESSIE J/GRANDE/MINAJ,1,9,3.19
11/10/2014,ALL ABOUT THAT BASS,MEGHAN TRAINOR,4,19,3.07
08/11/2014,THINKING OUT LOUD,ED SHEERAN,1,17,4.41
15/11/2014,I DON'T CARE,CHERYL,1,12,4.00
22/11/2014,WAKE ME UP,GARETH MALONE'S ALL STAR CHOIR,1,10,3.55
29/11/2014,DO THEY KNOW IT'S CHRISTMAS,BAND AID 30,1,27,3.48
06/12/2014,THESE DAYS,TAKE THAT,1,10,3.51
13/12/2014,THINKING OUT LOUD,ED SHEERAN,1,17,4.41
20/12/2014,UPTOWN FUNK,MARK RONSON FT. BRUNO MARS,1,11,4.29
27/12/2014,SOMETHING I NEED,BEN HAENOW,1,16,3.46
03/01/2015,UPTOWN FUNK,MARK RONSON FT. BRUNO MARS,6,11,4.29
14/02/2015,LOVE ME LIKE YOU DO,ELLIE GOULDING,4,19,4.12
14/03/2015,KING,YEARS & YEARS,1,4,3.35
21/03/2015,LAY ME DOWN,SAM SMITH FT. JOHN LEGEND,2,11,3.39
04/04/2015,HOLD MY HAND,JESS GLYNNE,3,12,3.47
25/04/2015,SEE YOU AGAIN,WIZ KHALIFA FT. CHARLIE PUTH,2,13,3.49
09/05/2015,CHEERLEADER (FELIX JAEHN REMIX),OMI,4,31,3.00
06/06/2015,WANT TO WANT ME,JASON DERULO,4,15,3.27
04/07/2015,NOT LETTING GO,TINIE TEMPAH FT. JESS GLYNNE,1,14,3.48
09/07/2015,ARE YOU WITH ME,LOST FREQUENCIES,1,15,2.18
16/07/2015,HOUSE EVERY WEEKEND,DAVID ZOWIE,1,19,3.02
23/07/2015,BLACK MAGIC,LITTLE MIX,3,11,3.31
13/08/2015,DRAG ME DOWN,ONE DIRECTION,1,12,3.12
20/08/2015,MARVIN GAYE,CHARLIE PUTH FT. MEGHAN TRAINOR,1,11,3.10
27/08/2015,DON'T BE SO HARD ON YOURSELF,JESS GLYNNE,1,28,3.31
03/09/2015,FIGHT SONG,RACHEL PLATTEN,1,10,3.24
10/09/2015,WHAT DO YOU MEAN?,JUSTIN BIEBER,1,17,3.25
17/09/2015,EASY LOVE,SIGALA,1,9,3.49
24/09/2015,WHAT DO YOU MEAN?,JUSTIN BIEBER,2,17,3.25
08/10/2015,WRITING'S ON THE WALL,SAM SMITH,1,21,4.38
15/10/2015,WHAT DO YOU MEAN,JUSTIN BIEBER,2,16,3.25
29/10/2015,TURN THE MUSIC LOUDER (RUMBLE),KDA FT. TINIE TEMPAH & KATY B,1,30,3.21
19/11/2015,HELLO,ADELE,3,5,4.55
26/11/2015,SORRY,JUSTIN BIEBER,2,5,3.20
10/12/2015,LOVE YOURSELF,JUSTIN BIEBER,3,13,3.53
31/12/2015,A BRIDGE OVER YOU,THE LEWISHAM & GREENWICH NHS CHOIR,1,17,4.10
07/01/2016,LOVE YOURSELF,JUSTIN BIEBER,3,13,3.53
21/01/2016,STITCHES,SHAWN MENDES,2,8,3.26
11/02/2016,PILLOWTALK,ZAYN,1,10,3.23
18/02/2016,7 YEARS,LUKAS GRAHAM,5,7,3.57
17/03/2016,I TOOK A PILL IN IBIZA,MIKE POSNER,4,22,4.40
21/04/2016,ONE DANCE,DRAKE FT. WIZKID & KYLA,15,9,2.53
04/08/2016,COLD WATER,MAJOR LAZER FT. JUSTIN BIEBER & MØ,5,10,3.05
08/09/2016,CLOSER,THE CHAINSMOKERS FT. HALSEY,4,6,4.04
06/10/2016,SAY YOU WON'T LET GO,JAMES ARTHUR,3,20,3.31
27/10/2016,SHOUT OUT TO MY EX,LITTLE MIX,3,18,4.06
17/11/2016,ROCKABYE,CLEAN BANDIT ,9,8,4.11
19/01/2017,SHAPE OF YOU,ED SHEERAN,13,12,3.53
20/04/2017,SIGN OF THE TIMES,HARRY STYLES,1,17,5.40
27/04/2017,SHAPE OF YOU,ED SHEERAN,1,12,3.53
04/05/2017,SYMPHONY,CLEAN BANDIT FT. ZARA LARSSON,1,8,3.32
11/05/2017,I'M THE ONE,"DJ KHALED FT. JUSTIN BIEBER, QUAVO, CHANCE THE RAPPER & LIL WAYNE",1,11,4.48
18/05/2017,DESPACITO,LUIS FONSI & DADDY YANKEE FT. JUSTIN BIEBER,6,9,3.50
29/06/2017,BRIDGE OVER TROUBLED WATER,ARTISTS FOR GRENFELL,1,26,3.53
06/07/2017,DESPACITO,LUIS FONSI & DADDY YANKEE FT. JUSTIN BIEBER,3,9,3.50
27/07/2017,WILD THOUGHTS,DJ KHALED FT. RIHANNA & BRYSON TILLER,1,13,3.24
03/08/2017,DESPACITO,LUIS FONSI & DADDY YANKEE FT. JUSTIN BIEBER,2,9,3.50
17/08/2017,FEELS,"CALVIN HARRIS FT. PHARRELL, KATY PERRY & BIG SEAN",1,5,3.43
24/08/2017,NEW RULES,DUA LIPA,2,9,3.32
07/09/2017,LOOK WHAT YOU MADE ME DO,TAYLOR SWIFT,2,24,3.31
21/09/2017,TOO GOOD AT GOODBYES,SAM SMITH,3,20,3.21
12/10/2017,ROCKSTAR,POST MALONE FT. 21 SAVAGE,4,8,3.38
09/11/2017,HAVANA,CAMILA CABELLO FT. YOUNG THUG,5,6,3.37
14/12/2017,PERFECT,ED SHEERAN,6,7,4.23
25/01/2018,RIVER,EMINEM FT. ED SHEERAN,1,5,3.41
01/02/2018,GOD'S PLAN,DRAKE,9,10,3.18
05/04/2018,THESE DAYS,"RUDIMENTAL FT. JESS GLYNNE, MACKLEMORE & DAN CAPLEN",1,10,3.30
12/04/2018,FREAKY FRIDAY,LIL DICKY FT. CHRIS BROWN,1,13,3.36
19/04/2018,NICE FOR WHAT,DRAKE,1,13,3.30
26/04/2018,ONE KISS,CALVIN HARRIS & DUA LIPA,8,8,3.34
21/06/2018,I'LL BE THERE,JESS GLYNNE,1,13,3.13
28/06/2018,SOLO,CLEAN BANDIT FT. DEMI LOVATO,1,4,3.42
05/07/2018,SHOTGUN,GEORGE EZRA,2,7,3.21
19/07/2018,3 LIONS,BADDIEL/SKINNER/LIGHTNING SEEDS,1,7,3.47
26/07/2018,IN MY FEELINGS,DRAKE,4,14,3.37
23/08/2018,SHOTGUN,GEORGE EZRA,2,7,3.21
06/09/2018,EASTSIDE,BENNY BLANCO/HALSEY/KHALID,1,8,2.53
13/09/2018,PROMISES,CALVIN HARRIS & SAM SMITH,5,8,3.33
18/10/2018,FUNKY FRIDAY,DAVE FT. FREDO,1,12,3.02
25/10/2018,PROMISES,CALVIN HARRIS & SAM SMITH,1,8,3.33
01/11/2018,SHALLOW,LADY GAGA & BRADLEY COOPER,2,7,3.35
15/11/2018,"THANK U, NEXT",ARIANA GRANDE,6,13,3.27
27/12/2018,WE BUILT THIS CITY,LADBABY,1,18,4.20
03/01/2019,SWEET BUT PSYCHO,AVA MAX,4,16,3.07
31/01/2019,7 RINGS,ARIANA GRANDE,3,7,2.58
21/02/2019,"BREAK UP WITH YOUR GIRLFRIEND, I'M BORED",ARIANA GRANDE,1,40,3.10
28/02/2019,7 RINGS,ARIANA GRANDE,1,7,2.58
07/03/2019,SOMEONE YOU LOVED,LEWIS CAPALDI,7,17,3.02
25/04/2019,OLD TOWN ROAD,LIL NAS X,2,13,2.37
09/05/2019,VOSSI BOP,STORMZY,2,9,3.16
23/05/2019,I DON'T CARE,ED SHEERAN & JUSTIN BIEBER,8,12,3.39
18/07/2019,SENORITA,SHAWN MENDES & CAMILA CABELLO,1,8,3.10
25/07/2019,BEAUTIFUL PEOPLE,ED SHEERAN FT. KHALID,1,16,3.17
01/08/2019,SENORITA,SHAWN MENDES & CAMILA CABELLO,5,8,3.10
05/09/2019,TAKE ME BACK TO LONDON,ED SHEERAN FT. STORMZY,5,22,3.09
10/10/2019,DANCE MONKEY,TONES AND I,11,12,3.29
26/12/2019,I LOVE SAUSAGE ROLLS,LADBABY,1,20,3.23
02/01/2020,RIVER,ELLIE GOULDING,1,5,3.41
09/01/2020,OWN IT,"STORMZY, ED SHEERAN & BURNA BOY",3,6,3.36
30/01/2020,GODZILLA,EMINEM FT. JUICE WRLD,1,8,3.30
06/02/2020,BEFORE YOU GO,LEWIS CAPALDI,1,13,3.35
13/02/2020,BLINDING LIGHTS,THE WEEKND,2,15,3.20
27/02/2020,NO TIME TO DIE,BILLIE EILISH,1,14,4.02
05/02/2020,BLINDING LIGHTS,THE WEEKND,3,15,3.20
26/03/2020,ROSES,SAINT JHN,2,5,2.56
09/04/2020,BLINDING LIGHTS,THE WEEKND,3,15,3.20
30/04/2020,YOU'LL NEVER WALK ALONE,MICHAEL BALL & CAPTAIN TOM MOORE,1,23,4.10
07/05/2020,TIMES LIKE THESE,BBC RADIO 1'S LIVE LOUNGE ALLSTARS,1,16,4.16
14/05/2020,TOOSIE SLIDE,DRAKE,1,12,4.07
21/05/2020,ROCKSTAR,DABABY FT. RODDY RICCH,2,8,3.01
04/06/2020,RAIN ON ME,LADY GAGA & ARIANA GRANDE,1,10,3.02
11/06/2020,ROCKSTAR,DABABY FT. RODDY RICCH,4,8,3.01
09/07/2020,SAVAGE LOVE (LAXED - SIREN BEAT),JAWSH 685 & JASON DERULO,3,32,2.51
30/07/2020,HEAD & HEART,JOEL CORRY FT. MNEK,4,12,2.46
